page	start	end
1	ⲁ	ⲁⲓⲁⲓ
2	ⲁⲉⲓⲟ	ⲁⲃⲓⲧ
3	ⲁⲃⲏϣ	ⲁⲗ
4	ⲁⲗ	ⲁⲓⲗⲉ
5	ⲁⲗⲟⲩ	ⲁⲗⲓⲕⲧ
6	ⲁⲗⲓⲗ	ⲁⲗϫⲁⲓ
7	ⲁⲗⲟϭ	ⲁⲙⲛⲁ
8	ⲁⲙⲟⲛⲓ	ⲁⲙⲣⲉ
9	ⲁⲙⲣⲉ	ⲁⲙⲁϩⲧⲉ
10	ⲁⲛ	ⲁⲛ
11	ⲁⲛ	ⲁⲛⲟⲕ
12	ⲁⲛⲕⲟⲕⲓ	ⲁⲛⲁⳉ
13	ⲁⲛⲁϩ	ⲁⲡⲉ
14	ⲁⲓⲡⲉ	ⲁⲣⲁ
15	ⲁⲣⲉ	ⲁⲣⲏⲩ
16	ⲁⲣⲏⲟⲩ	ⲁⲣⲏϫ
17	ⲁⲥ	ⲁⲥⲁⲓ
18	ⲁⲥⲉ	ⲁⲧ
19	ⲁⲧ	ⲁⲩⲱ
20	ⲁⲟⲩⲱ	ⲁⲩⲁⲛ
21	ⲁⲩⲉⲓⲛ	ⲁⲭⲱ
22	ⲁϣ	ⲁϣⲁⲓ
23	ⲁϣⲉ	ⲁϧⲱⲣⲓ
24	ⲁϩ	ⲁϩⲟⲙ
25	ⲁϩⲱⲙ	ⲁϫⲛ
26	ⲁϫⲛ	ⲁϭⲣⲏⲛ
27	ⲁϭⲟⲧⲉ	ⲃⲁ
28	ⲃⲁ	ⲃⲉⲉⲃⲉ
29	ⲃⲏⲃⲉ	ⲃⲱⲕ
30	ⲃⲱⲕ	ⲃⲉⲕⲉ
31	ⲃⲏⲕⲉ	ⲃⲁⲗ
32	ⲃⲓⲗ	ⲃⲱⲗ
33	ⲃⲱⲗ	ⲃⲱⲗ
34	ⲃⲱⲗ	ⲃⲱⲗ
35	ⲃⲱⲗ	ⲃⲱⲗ
36	ⲃⲱⲗ	ⲃⲱⲗ
37	ⲃⲗⲁ	ⲃⲱⲗⲕ
38	ⲃⲁⲗⲕⲟⲩ	ⲃⲗϫⲉ
39	ⲃⲟⲙ	ⲃⲱⲱⲛ
40	ⲃⲏⲛⲉ	ⲃⲛⲛⲉ
41	ⲃⲉⲛⲛⲏ	ⲃⲓⲣ
42	ⲃⲣⲉ	ⲃⲉⲣⲃⲓⲣ
43	ⲃⲟⲣⲃⲣ	ⲃⲁⲣⲱⲧ
44	ⲃⲉⲣⲧ	ⲃⲁⲥⲟⲩⲣ
45	ⲃⲟⲥⲉⲣ	ⲃⲱⲧⲉ
46	ⲃⲱⲧⲉ	ⲃⲱϣ
47	ⲃⲱϣ	ⲃⲟϩⲓ
48	ⲃⲟϩⲓ	ⲅ
49	ⲅⲁⲍⲅⲁⲍ	ⲉ
50	ⲉ	ⲉ
51	ⲉ	ⲉ
52	ⲉ	ⲉⲃⲟⲗ
53	ⲉⲃⲗⲉⲩⲉ	ⲉⲃⲟⲧ
54	ⲉⲃⲧⲟⲧϥ	ⲉⲗⲗⲏⲧ
55	ⲉⲗⲁⲙ	ⲉⲙⲓⲙ
56	ⲉⲙⲛⲧ	ⲉⲛϩ
57	ⲉⲛϩ	ⲉⲣⲟ
58	ⲉⲣⲏⲃ	ⲉⲣⲧⲟⲡ
59	ⲉⲣⲏⲩ	ⲉⲣϭⲟⲓ
60	ⲉⲥ	ⲉⲥⲏⲧ
61	ⲉⲥⲧⲉ	ⲉⲧⲏϣⲓ
62	ⲉⲧⲁϩ	ⲉⲩⲛⲓ
63	ⲉⲫⲗⲏⲟⲩ	ⲉϣϫⲉ
64	ⲉϥ	ⲉϩⲉ
65	ⲉϩⲏ	ⲍⲉⲛⲍⲉⲛ
66	ⲏ	ⲏⲣⲡ
67	ⲏⲧ	ⲏϭⲉ
68	ⲑ	ⲑⲟⲙⲧⲉⲙ
69	ⲑⲏⲛ	ⲑⲱϩⲥ
70	ⲓ	ⲉⲓ
71	ⲉⲓ	ⲉⲓ
72	ⲉⲓ	ⲉⲓ
73	ⲉⲓⲁ	ⲉⲓⲁ
74	ⲉⲓⲁⲓⲱ	ⲉⲓⲉ
75	ⲉⲓⲉ	ⲉⲓⲱ
76	ⲉⲓⲱ	ⲉⲓⲁⲗ
77	ⲓⲁⲁⲗ	ⲉⲓⲙⲉ
78	ⲉⲓⲟⲙⲉ	ⲉⲓⲛⲉ
79	ⲉⲓⲛⲉ	ⲉⲓⲛⲉ
80	ⲉⲓⲛⲉ	ⲉⲓⲛⲉ
81	ⲉⲓⲛⲉ	ⲉⲓⲟⲡⲉ
82	ⲉⲓⲟⲡⲉ	ⲉⲓⲟⲟⲣ
83	ⲉⲓⲣⲉ	ⲉⲓⲣⲉ
84	ⲉⲓⲣⲉ	ⲉⲓⲱⲣϩ
85	ⲉⲓⲥ	ⲉⲓⲥ
86	ⲓⲱⲥ	ⲉⲓⲱⲧ
87	ⲉⲓⲱⲧ	ⲉⲓⲧⲛ
88	ⲉⲓⲧⲟⲩⲛ	ⲉⲓϣⲉ
89	ⲓϣⲧ	ⲉⲓⲱϩⲉ
90	ⲓⲟϩⲓ	ⲕⲉ
91	ⲕⲉ	ⲕⲉ
92	ⲕⲏ	ⲕⲟⲩⲓ
93	ⲕⲟⲩⲓ	ⲕⲟⲩⲓ
94	ⲕⲱ	ⲕⲱ
95	ⲕⲱ	ⲕⲱ
96	ⲕⲱ	ⲕⲱ
97	ⲕⲱ	ⲕⲱ
98	ⲕⲱ	ⲕⲱⲃ
99	ⲕⲱⲃ	ⲕⲱⲱⲃⲉ
100	ⲕⲃⲁ	ⲕⲱⲕ
101	ⲕⲁⲕⲉ	ⲕⲟⲩⲕⲗⲉ
102	ⲕⲟⲩⲕⲙ	ⲕⲉⲗⲕⲁ
103	ⲕⲁⲗⲟⲩⲕⲓ	ⲕⲗⲗⲉ
104	ⲕⲉⲗⲱⲗ	ⲕⲗⲟⲙ
105	ⲕⲗⲱⲙ	ⲕⲗⲯ
106	ⲕⲟⲗⲡⲥ	ⲕⲱⲗϩ
107	ⲕⲁⲗⲁϩⲏ	ⲕⲱⲗϫ
108	ⲕⲗⲓϫⲓ	ⲕⲓⲙ
109	ⲕⲱⲙ	ⲕⲙⲟⲙ
110	ⲕⲟⲙⲙⲉ	ⲕⲟⲟⲙϥ
111	ⲕⲁⲛ	ⲕⲛⲛⲉ
112	ⲕⲛⲛⲉ	ⲕⲛⲁⲁⲩ
113	ⲕⲛⲁⲁⲩ	ⲕⲱⲡ
114	ⲕⲁⲡⲁⲓ	ⲕⲟⲩⲣ
115	ⲕⲟⲩⲣ	ⲕⲣⲱⲙ
116	ⲕⲱⲣⲙ	ⲕⲣⲟⲙⲣⲙ
117	ⲕⲣⲙⲉⲥ	ⲕⲱⲣϣ
118	ⲕⲱⲣϥ	ⲕⲣⲟϥ
119	ⲕⲁⲣⲉϩ	ⲕⲁⲥ
120	ⲕⲁⲥ	ⲕⲱⲱⲥ
121	ⲕⲁⲥⲉ	ⲕⲁⲥⲓⲥⲉ
122	ⲕⲁⲧ	ⲕⲱⲧ
123	ⲕⲁⲧⲁⲓ	ⲕⲓⲧⲉ
124	ⲕⲓⲧⲉ	ⲕⲱⲧⲉ
125	ⲕⲱⲧⲉ	ⲕⲱⲧⲉ
126	ⲕⲱⲧⲉ	ⲕⲱⲧⲉ
127	ⲕⲧⲟ	ⲕⲧⲟ
128	ⲕⲧⲟ	ⲕⲧⲟ
129	ⲕⲁⲧⲕⲉ	ⲕⲓⲱⲟⲩ
130	ⲕⲟⲟⲩ	ⲕⲱⲱϣⲉ
131	ⲕⲁϣⲁⲃⲉⲗ	ⲕⲉϩ
132	ⲕⲟⲉⲓϩ	ⲕⲱϩ
133	ⲕⲱϩ	ⲕⲱϩⲧ
134	ⲕⲉϩⲧⲉ	ⲗⲁ
135	ⲗⲁ	ⲗⲟ
136	ⲗⲟ	ⲗⲓⲃⲉ
137	ⲗⲃⲉⲓ	ⲗⲱⲃϣ
138	ⲗⲱⲃϣ	ⲗⲱⲕ
139	ⲗⲕⲉ	ⲗⲱⲕⲥ
140	ⲗⲁⲝⲉ	ⲗⲓⲗ
141	ⲗⲟⲗ	ⲗⲟⲩⲗⲁⲓ
142	ⲗⲱⲓⲗⲓ	ⲗⲱⲱⲙⲉ
143	ⲗⲱⲙⲓ	ⲗⲉⲛⲧⲏⲛ
144	ⲗⲉⲛϫⲓ	ⲗⲁⲥ
145	ⲗⲁⲥ	ⲗⲁⲁⲩ
146	ⲗⲁⲁⲩ	ⲗⲁⲁⲩ
147	ⲗⲏⲟⲩ	ⲗⲁⲩⲟ
148	ⲗⲟⲟⲩⲅ	ⲗⲟϥⲗϥ
149	ⲗⲁϧⲉⲙ	ⲗⲱϩⲙ
150	ⲗϩⲏⲙ	ⲗⲟϫⲗϫ
151	ⲗⲟϫⲗϫ	ⲗⲟⲓϭⲉ
152	ⲗⲱϭⲉ	ⲙ
153	ⲙⲁ	ⲙⲁ
154	ⲙⲁ	ⲙⲁ
155	ⲙⲁ	ⲙⲁⲓ
156	ⲙⲁⲓ	ⲙⲉ
157	ⲙⲉ	ⲙⲉ
158	ⲙⲉ	ⲙⲓⲟ
159	ⲙⲟ	ⲙⲟⲩ
160	ⲙⲟⲩ	ⲙⲟⲩⲓ
161	ⲙⲟⲩⲓ	ⲙⲟⲩⲕⲓ
162	ⲙⲟⲕⲙⲉⲕ	ⲙⲁⲕϩ
163	ⲙⲟⲩⲕϩ	ⲙⲕⲁϩ
164	ⲙⲕⲁϩ	ⲙⲕⲁϩ
165	ⲙⲁⲗ	ⲙⲟⲩⲗϩ
166	ⲙⲟⲩⲗϩ	ⲙⲙⲛ
167	ⲙⲙⲛ	ⲙⲙⲛ
168	ⲙⲙⲓⲛ	ⲙⲙⲓⲛ
169	ⲙⲙⲟⲛ	ⲙⲛ
170	ⲙⲛ	ⲙⲁⲉⲓⲛ
171	ⲙⲟⲩⲛ	ⲙⲟⲩⲛ
172	ⲙⲁⲁⲛⲉ	ⲙⲓⲛⲉ
173	ⲙⲟⲟⲛⲉ	ⲙⲟⲟⲛⲉ
174	ⲙⲟⲟⲛⲉ	ⲙⲟⲩⲛⲕ
175	ⲙⲟⲩⲛⲕ	ⲙⲛⲕⲉ
176	ⲙⲁⲛⲕⲟⲩ	ⲙⲟⲩⲛⲧⲉ
177	ⲙⲛⲧⲣⲉ	ⲙⲡⲁⲓ
178	ⲙⲡⲉ	ⲙⲡⲱⲧ
179	ⲙⲡⲁⲧⲉ	ⲙⲡϣⲁ
180	ⲙⲡϣⲁ	ⲙⲟⲩⲣ
181	ⲙⲟⲩⲣ	ⲙⲟⲩⲣ
182	ⲙⲁⲣⲉ	ⲙⲉⲉⲣⲉ
183	ⲙⲉⲉⲣⲉ	ⲙⲣⲟϣ
184	ⲙⲟⲩⲣϣ	ⲙⲓⲥⲉ
185	ⲙⲓⲥⲉ	ⲙⲓⲥⲉ
186	ⲙⲥⲱⲃⲉ	ⲙⲁⲥⲡⲟⲣⲕ
187	ⲙⲟⲩⲥⲉⲣ	ⲙⲏⲧ
188	ⲙⲏⲧ	ⲙⲟⲉⲓⲧ
189	ⲙⲟⲩⲧ	ⲙⲁⲧⲉ
190	ⲙⲁⲧⲉ	ⲙⲏⲧⲉ
191	ⲙⲟⲧⲉ	ⲙⲟⲩⲧⲉ
192	ⲙⲟⲩⲧⲉ	ⲙⲟⲩⲧⲉ
193	ⲙⲧⲟ	ⲙⲧⲟⲛ
194	ⲙⲧⲟⲛ	ⲙⲧⲟⲛ
195	ⲙⲟⲩⲧⲛ	ⲙⲟⲩⲧⲛ
196	ⲙⲁⲧⲣ	ⲙⲁⲩ
197	ⲙⲁⲩ	ⲙⲟⲟⲩ
198	ⲙⲁⲩⲁⲁ	ⲙⲁⲩⲁⲁ
199	ⲙⲉⲉⲩⲉ	ⲙⲉⲉⲩⲉ
200	ⲙⲉⲉⲩⲉ	ⲙⲉⲉⲩⲉ
201	ⲙⲟⲩⲙⲉ	ⲙⲉϣⲉ
202	ⲙⲏⲏϣⲉ	ⲙⲓϣⲉ
203	ⲙⲟⲟϣⲉ	ⲙⲟⲟϣⲉ
204	ⲙⲟⲟϣⲉ	ⲙⲟⲟϣⲉ
205	ⲙⲟⲟϣⲉ	ⲙⲟⲟϣⲉ
206	ⲙⲟⲟϣⲉ	ⲙⲟⲩϣⲧ
207	ⲙⲉϣⲧⲉ	ⲙⲉϣϣⲱⲧ
208	ⲙⲁϣϫ	ⲙⲟⲩϩ
209	ⲙⲟⲩϩ	ⲙⲟⲩϩ
210	ⲙⲟⲩϩ	ⲙⲁϩⲉ
211	ⲙⲁϩⲉ	ⲙⲁϩⲧ
212	ⲙϩⲓⲧ	ⲙⲁⲁϫⲉ
213	ⲙⲁⲁϫⲉ	ⲙⲟϫϩ
214	ⲙϫⲁϩⲧ	ⲛ
215	ⲛ	ⲛ
216	ⲛ	ⲛⲁ
217	ⲛⲁ	ⲛⲁ
218	ⲛⲁ	ⲛⲁⲉⲓⲱ
219	ⲛⲉ	ⲛⲟⲩ
220	ⲛⲟⲩ	ⲛⲟⲩ
221	ⲛⲟⲩ	ⲛⲟⲩⲃ
222	ⲛⲁⲃⲓ	ⲛⲟⲉⲓⲕ
223	ⲛⲁⲁⲕⲉ	ⲛⲟⲕⲛⲉⲕ
224	ⲛⲟⲩⲕⲉⲣ	ⲛⲕⲟⲧⲕ
225	ⲛⲁⲕϩⲓ	ⲛⲓⲙ
226	ⲛⲓⲙ	ⲛⲟⲩⲛ
227	ⲛⲁⲛⲟⲩ	ⲛⲟⲩⲛⲉ
228	ⲛⲛⲉ	ⲛⲉⲥⲉ
229	ⲛⲏⲥⲉ	ⲛⲧⲉ
230	ⲛⲧⲉ	ⲛⲟⲩⲧⲉ
231	ⲛⲧⲟⲕ	ⲛⲟⲩⲧⲙ
232	ⲛⲧⲛ	ⲛⲧⲟϥ
233	ⲛⲧϥⲉ	ⲛⲁⲩ
234	ⲛⲁⲩ	ⲛⲁⲩ
235	ⲛⲁⲩ	ⲛⲟⲟⲩϩⲉ
236	ⲛⲁⲫⲣⲓ	ⲛⲟⲩϣⲡ
237	ⲛⲟϣⲣ	ⲛϣⲟⲧ
238	ⲛⲓϣϯ	ⲛⲓϥⲉ
239	ⲛⲟⲩϥⲉ	ⲛⲟⲩϥⲣ
240	ⲛⲟⲩϥⲧ	ⲛⲉϩ
241	ⲛⲟϩ	ⲛⲟⲩϩⲉ
242	ⲛⲟⲩϩⲉ	ⲛⲟⲩϩⲉ
243	ⲛⲟⲩϩⲃ	ⲛⲟⲩϩⲙ
244	ⲛⲟϩⲛϩ	ⲛⲟϩⲛϩ
245	ⲛⲉϩⲡⲉ	ⲛⲉϩⲥⲉ
246	ⲛϩⲟⲧ	ⲛⲟⲩϫ
247	ⲛⲟⲩϫ	ⲛⲟⲩϫⲉ
248	ⲛⲟⲩϫⲉ	ⲛⲟⲩϫⲉ
249	ⲛⲟⲩϫⲕ	ⲛⲁϫϩⲉ
250	ⲛⲟⲩϫϭ	ⲛⲟϭ
251	ⲛⲟϭ	ⲛⲟϭ
252	ⲛⲉϭⲉ	ⲛⲟⲩϭⲥ
253	ⲛⲟⲩϭⲧⲉ	ⲟ
254	ⲟⲓ	ⲟⲙⲉ
255	ⲟⲉⲓⲙⲉ	ⲟⲛ
256	ⲟⲛⲓ	ⲟⲥⲉ
257	ⲟⲥⲓ	ⲟⲟϩ
258	ⲟϩⲉ	ⲡⲁ
259	ⲡⲁ	ⲡⲉ
260	ⲡⲉ	ⲡⲱ
261	ⲡⲟⲕ	ⲡⲱⲗϭ
262	ⲡⲗϭⲉ	ⲡⲗϭⲉ
263	ⲡⲁⲙⲛϩⲁⲧⲡ	ⲡⲱⲱⲛⲉ
264	ⲡⲱⲱⲛⲉ	ⲡⲱⲱⲛⲉ
265	ⲡⲱⲛⲕ	ⲡⲱⲛⲕ
266	ⲡⲉⲛⲛⲉ	ⲡⲱⲱⲡⲉ
267	ⲡⲉⲣ	ⲡⲉⲓⲣⲉ
268	ⲡⲟⲣⲟ	ⲡⲱⲣⲕ
269	ⲡⲉⲣⲕⲓⲃⲉ	ⲡⲱⲣϣ
270	ⲡⲱⲣϣ	ⲡⲱⲣϣ
271	ⲡⲱⲣⳉ	ⲡⲱⲣϫ
272	ⲡⲱⲣϫ	ⲡⲱⲣϫ
273	ⲡⲉⲉⲥ	ⲡⲁⲧ
274	ⲡⲱⲧ	ⲡⲱⲧ
275	ⲡⲱⲧ	ⲡⲱⲧ
276	ⲡⲁⲓⲧⲏ	ⲡⲱⲧϩ
277	ⲡⲟⲑⲉ	ⲡⲱϣ
278	ⲡⲁⲓϣⲉ	ⲡⲱϣⲛ
279	ⲡⲁϣⲟⲛⲥ	ⲡⲱϣⲥ
280	ⲡⲁϣⲟϣ	ⲡⲱϩ
281	ⲡⲱϩ	ⲡⲱϩ
282	ⲡⲁϩⲉ	ⲫⲱϧⲉⲣ
283	ⲡⲁϩⲥ	ⲡⲱϩⲧ
284	ⲡⲁϩⲧⲉ	ⲡⲁϩⲟⲩ
285	ⲡⲟⲟϩⲉⲩⲉ	ⲡⲱϭⲉ
286	ⲡⲟϭⲗⲉ	ⲡⲱϭⲥ
287	ⲣ	ⲣⲓ
288	ⲣⲓ	ⲣⲟ
289	ⲣⲟ	ⲣⲟ
290	ⲣⲟ	ⲣⲱ
291	ⲣⲏⲃ	ⲣⲓⲕⲉ
292	ⲣⲓⲕⲉ	ⲣⲓⲕⲉ
293	ⲣⲁⲕⲣⲉⲕ	ⲣⲱⲕϩ
294	ⲣⲱⲙ	ⲣⲱⲙⲉ
295	ⲣⲱⲙⲉ	ⲣⲱⲙⲉ
296	ⲣⲁⲙⲱⲛⲉ	ⲣⲟⲙⲡⲉ
297	ⲣⲟⲙⲥⲓⲛ	ⲣⲁⲛ
298	ⲣⲱⲛ	ⲣⲡⲱ
299	ⲣⲁⲁⲣ	ⲣⲏⲥ
300	ⲣⲟⲉⲓⲥ	ⲣⲟⲉⲓⲥ
301	ⲣⲏⲥⲉ	ⲣⲏⲥⲉ
302	ⲣⲥⲱ	ⲣⲁⲧ
303	ⲣⲏⲧ	ⲣⲱⲧ
304	ⲣⲁⲧⲉ	ⲣⲏⲧⲉ
305	ⲣⲓⲧⲁ	ⲣⲧⲟⲃ
306	ⲣⲓⲧⲓⲑⲓ	ⲣⲟⲟⲩϣ
307	ⲣⲟⲟⲩϣ	ⲣⲟⲟⲩϣ
308	ⲣⲁⲭⲛⲉ	ⲣⲁϣⲉ
309	ⲣⲱϣⲉ	ⲣⲱϣⲉ
310	ⲣϣⲱⲛ	ⲣⲱϩⲉ
311	ⲣⲁϩⲣⲉϩ	ⲣⲱϩⲧ
312	ⲣⲁϩⲧⲉ	ⲣⲁϭⲣⲉϭ
313	ⲥ	ⲥⲁ
314	ⲥⲁ	ⲥⲁ
315	ⲥⲁ	ⲥⲁ
316	ⲥⲁ	ⲥⲉⲓ
317	ⲥⲉⲓ	ⲥⲟⲓ
318	ⲥⲟⲓ	ⲥⲓⲃ
319	ⲥⲁⲃⲉ	ⲥⲁⲃⲉ
320	ⲥⲁⲃⲟ	ⲥⲱⲃⲉ
321	ⲥⲱⲃⲉ	ⲥⲃⲃⲉ
322	ⲥⲃⲃⲉ	ⲥⲓⲃⲧ
323	ⲥⲟⲃⲧ	ⲥⲟⲃⲧⲉ
324	ⲥⲃⲏⲏⲧⲉ	ⲥⲁⲕ
325	ⲥⲁⲕ	ⲥⲱⲕ
326	ⲥⲱⲕ	ⲥⲱⲕ
327	ⲥⲱⲕ	ⲥⲱⲕ
328	ⲥⲓⲕⲉ	ⲥⲕⲓⲙ
329	ⲥⲕⲙⲕⲓⲙ	ⲥⲕⲟⲣⲕⲣ
330	ⲥⲕⲟⲣⲕⲉⲣ	ⲥⲱⲗⲡ
331	ⲥⲗⲉⲡⲗⲓⲡ	ⲥⲟⲗⲥⲗ
332	ⲥⲟⲗⲥⲗ	ⲥⲗⲁⲁⲧⲉ
333	ⲥⲗⲁⲧⲗⲉⲧ	ⲥⲗⲟϭⲗϭ
334	ⲥⲉⲗϭⲁⲙ	ⲥⲙⲏ
335	ⲥⲙⲟⲩ	ⲥⲙⲟⲩ
336	ⲥⲁⲙⲃⲉϩⲓ	ⲥⲙⲙⲉ
337	ⲥⲙⲁⲙⲉ	ⲥⲙⲓⲛⲉ
338	ⲥⲙⲓⲛⲉ	ⲥⲙⲓⲛⲉ
339	ⲥⲙⲟⲩⲛⲉ	ⲥⲟⲙⲥ
340	ⲥⲉⲙⲓⲥⲓ	ⲥⲙⲟⲧ
341	ⲥⲙⲟⲧ	ⲥⲙⲟⲧ
342	ⲥⲟⲙⲧⲉ	ⲥⲟⲛ
343	ⲥⲱⲱⲛ	ⲥⲓⲛⲉ
344	ⲥⲟⲟⲛⲉ	ⲥⲱⲛⲕ
345	ⲥⲛⲕⲟⲩ	ⲥⲱⲛⲧ
346	ⲥⲱⲛⲧ	ⲥⲛⲁⲩ
347	ⲥⲛⲟⲩⲱⲛ	ⲥⲁⲁⲛϣ
348	ⲥⲛⲟϥ	ⲥⲱⲛϩ
349	ⲥⲓⲛⲁϩⲃⲓ	ⲥⲟⲡ
350	ⲥⲟⲡ	ⲥⲟⲡ
351	ⲥⲟⲡ	ⲥⲡⲓⲣ
352	ⲥⲟⲡⲥ	ⲥⲟⲡⲥⲡ
353	ⲥⲁⲡⲧ	ⲥⲱⲣ
354	ⲥⲁⲉⲓⲣⲉ	ⲥⲁⲣⲁⲕⲱⲧⲉ
355	ⲥⲟⲣⲙ	ⲥⲱⲣⲙ
356	ⲥⲣⲟⲙⲣⲙ	ⲥⲱⲣϣ
357	ⲥⲣⲁϥ	ⲥⲣⲱϥⲧ
358	ⲥⲁⲣϩ	ⲥⲁⲧ
359	ⲥⲁⲁⲧ	ⲥⲟⲉⲓⲧ
360	ⲥⲱⲧ	ⲥⲓⲧⲉ
361	ⲥⲓⲧⲉ	ⲥⲓⲧⲉ
362	ⲥⲓⲧⲉ	ⲥⲧⲟⲓ
363	ⲥⲧⲱ	ⲥⲱⲧⲙ
364	ⲥⲧⲏⲙ	ⲥⲧⲏⲙ
365	ⲥⲧⲏⲙⲟⲩ	ⲥⲱⲧⲡ
366	ⲥⲁⲧⲉⲣ	ⲥⲱⲧϥ
367	ⲥⲁⲧϥⲉ	ⲥⲏⲩ
368	ⲥⲓⲟⲩ	ⲥⲏⲟⲩⲉ
369	ⲥⲏⲟⲩⲓ	ⲥⲟⲟⲩⲛ
370	ⲥⲟⲟⲩⲛ	ⲥⲟⲟⲩⲛ
371	ⲥⲓⲟⲩⲣ	ⲥⲟⲟⲩⲧⲛ
372	ⲥⲱⲟⲩϩ	ⲥⲱⲟⲩϩ
373	ⲥⲱⲟⲩϩ	ⲥⲱⲟⲩϩ
374	ⲥⲉⲩϩⲓ	ⲥⲱϣ
375	ⲥⲱϣ	ⲥⲱϣ
376	ⲥϣⲉ	ⲥⲱϣⲉ
377	ⲥⲱϣⲉ	ⲥⲱϣⲧ
378	ⲥϣⲟⲧ	ⲥⲱⲱϥ
379	ⲥⲏϥⲉ	ⲥⲓϩⲉ
380	ⲥⲟⲟϩⲉ	ⲥⲟⲟϩⲉ
381	ⲥⲱϩⲉ	ⲥϩⲁⲓ
382	ⲥϩⲁⲓ	ⲥϩⲁⲓ
383	ⲥϩⲁⲓ	ⲥϩⲁⲓ
384	ⲥϩⲟ	ⲥⲱϩⲙ
385	ⲥϩⲓⲙⲉ	ⲥⲁϩⲛⲉ
386	ⲥⲱϩⲛⲉ	ⲥⲉϩⲧ
387	ⲥⲱϩⲧ	ⲥⲁϫⲛⲉ
388	ⲥⲱϫⲡ	ⲥϭⲏⲣ
389	ⲥϭⲣⲁϩⲧ	ⲧ
390	ⲧ	ⲧⲁⲉⲓⲟ
391	ⲧⲉ	ⲧⲏ
392	ⲧⲏ	ϯ
393	ϯ	ϯ
394	ϯ	ϯ
395	ϯ	ϯ
396	ⲧⲟ	ⲧⲱ
397	ⲧⲏⲃ	ⲧⲱⲃⲉ
398	ⲧⲱⲱⲃⲉ	ⲧⲱⲱⲃⲉ
399	ⲧⲃⲁ	ⲧⲃⲃⲟ
400	ⲧⲟⲟⲃⲉⲃ	ⲧⲁⲃⲓⲣ
401	ⲧⲃⲏⲣ	ⲧⲟⲃⲧⲃ
402	ⲧⲟⲟⲃϥ	ϯⲕ
403	ⲧⲟⲕ	ⲧⲱⲕ
404	ⲧⲱⲕ	ⲧⲱⲕ
405	ⲧⲁⲕⲟ	ⲧⲁⲕⲟ
406	ⲧⲕⲁ	ⲧⲱⲕⲥ
407	ⲧⲕⲁⲥ	ⲧⲱⲕϣ
408	ⲧⲱⲕϩ	ⲧⲁⲗⲟ
409	ⲧⲓⲗⲓ	ⲧⲓⲗⲓ
410	ⲧⲟⲓⲗⲉ	ⲧⲱⲗⲙ
411	ⲧⲗⲟⲙ	ⲧⲁⲗϭⲟ
412	ⲧⲗⲱϭⲉ	ⲧⲱⲙ
413	ⲧⲱⲙ	ⲧⲁⲙⲟ
414	ⲧⲁⲓⲙⲉ	ⲧⲱⲱⲙⲉ
415	ⲧⲱⲱⲙⲉ	ⲧⲙⲟ
416	ⲧⲉⲙⲑⲁⲙ	ⲧⲱⲙⲧ
417	ⲧⲙⲧⲙ	ⲧⲱⲛ
418	ⲧⲱⲛ	ⲧⲱⲛⲟⲩ
419	ⲧⲛⲁ	ⲧⲛⲛⲟⲟⲩ
420	ⲧⲟⲛⲧⲛ	ⲧⲉⲛⲟⲩ
421	ⲧⲛⲁⲩ	ⲧⲁⲛϩⲟⲩⲧ
422	ⲧⲁⲛⲁϫⲓⲧ	ⲧⲱⲱⲡ
423	ⲧⲉⲡⲓ	ⲧⲁⲣ
424	ⲧⲉⲣ	ⲧⲱⲣⲉ
425	ⲧⲱⲣⲉ	ⲧⲱⲣⲉ
426	ⲧⲱⲣⲉ	ⲧⲱⲣⲉ
427	ⲧⲱⲣⲉ	ⲧⲱⲣⲉ
428	ⲧⲱⲣⲉ	ⲧⲱⲣⲉ
429	ⲧⲣⲁ	ⲧⲣⲉ
430	ⲧⲣⲉ	ⲧⲱⲣⲡ
431	ⲧⲱⲣⲡ	ⲧⲱⲣⲧ
432	ⲧⲟⲣⲧⲣ	ⲧⲱⲣϩ
433	ⲧⲣⲁϩ	ⲧⲁⲥⲟ
434	ⲧⲥⲁⲉⲓⲟ	ⲧⲥⲁⲃⲟ
435	ⲧⲥⲃⲕⲟ	ⲧⲥⲉⲛⲕⲟ
436	ⲧⲁⲥⲣ	ⲧⲥⲧⲟ
437	ⲧⲟⲥⲧⲥ	ⲧⲱⲧ
438	ⲧⲱⲧ	ⲧⲱⲧ
439	ⲧⲁⲁⲧⲉ	ⲧⲏⲩ
440	ϯⲟⲩ	ⲧⲟⲟⲩ
441	ⲧⲟⲟⲩ	ⲧⲁⲟⲩⲟ
442	ⲧⲁⲟⲩⲟ	ⲧⲁⲟⲩⲟ
443	ⲧⲟⲩⲁ	ⲧⲟⲩⲟ
444	ⲧⲟⲩⲉⲓⲟ	ⲧⲟⲩⲗⲟ
445	ⲧⲱⲟⲩⲛ	ⲧⲱⲟⲩⲛ
446	ⲧⲟⲩⲛⲟ	ⲧⲟⲩⲛⲟⲥ
447	ⲧⲟⲩⲏⲧ	ⲧⲟⲟⲩⲧⲉ
448	ⲧⲟⲩϩⲟ	ⲧⲟⲩϫⲟ
449	ⲧⲫⲟ	ⲧⲱϣ
450	ⲧⲱϣ	ⲧⲱϣ
451	ⲧⲱϣ	ⲧⲱϣ
452	ⲧⲁϣⲟ	ⲧⲁϣⲟ
453	ⲧⲉϣⲉ	ⲧⲱϩ
454	ⲧⲱϩ	ⲧⲱϩ
455	ⲧⲁϩⲟ	ⲧⲁϩⲟ
456	ϯϩⲉ	ϯϩⲉ
457	ϯϩⲟ	ⲑⲃⲃⲓⲟ
458	ⲑⲗⲟ	ⲧⲱϩⲙ
459	ⲧⲱϩⲙ	ⲧϩⲉⲙⲙⲟ
460	ⲑⲙⲥⲟ	ⲧϩⲛⲟ
461	ⲧϩⲡⲟ	ⲧⲱϩⲥ
462	ⲧⲁϩⲧ	ⲧⲁϫⲣⲟ
463	ⲧⲁϫⲣⲟ	ⲧⲁϫⲣⲟ
464	ⲧⲟϫⲥ	ⲧⲱⲱϭⲉ
465	ⲧϭⲁ	ⲧϭⲁⲉⲓⲟ
466	ⲧϭⲟ	ⲧⲁϭⲥⲉ
467	ⲧⲟϭⲧϭ	ⲟⲩ
468	ⲟⲩⲁ	ⲟⲩⲁ
469	ⲟⲩⲁ	ⲟⲩⲁ
470	ⲟⲩⲁ	ⲟⲩⲉ
471	ⲟⲩⲉ	ⲟⲩⲏⲓ
472	ⲟⲩⲟⲉⲓ	ⲟⲩⲟⲉⲓ
473	ⲟⲩⲟⲓ	ⲟⲩⲱ
474	ⲟⲩⲱ	ⲟⲩⲱ
475	ⲟⲩⲱ	ⲟⲩⲱ
476	ⲟⲩⲁⲁⲃ	ⲟⲩⲉⲓⲕⲉ
477	ⲟⲩⲟⲕⲓ	ⲟⲩⲱⲗⲥ
478	ⲟⲩⲉⲗⲟⲩⲉⲗⲉ	ⲟⲩⲱⲙ
479	ⲟⲩⲱⲱⲙⲉ	ⲟⲩⲙⲟⲧ
480	ⲟⲩⲱⲙⲧ	ⲟⲩⲟⲉⲓⲛ
481	ⲟⲩⲟⲛ	ⲟⲩⲟⲛ
482	ⲟⲩⲟⲛ	ⲟⲩⲱⲛ
483	ⲟⲩⲱⲛ	ⲟⲩⲛⲁⲙ
484	ⲟⲩⲉⲉⲓⲉⲛⲓⲛ	ⲟⲩⲛⲟⲩ
485	ⲟⲩⲛⲱⲟⲩϯ	ⲟⲩⲛⲟϥ
486	ⲟⲩⲱⲛϩ	ⲟⲩⲱⲛϩ
487	ⲟⲩⲟⲛϩϥ	ⲟⲩⲟⲡ
488	ⲟⲩⲣ	ⲟⲩⲏⲣ
489	ⲟⲩⲱⲣ	ⲟⲩⲣⲓⲥ
490	ⲟⲩⲣⲧ	ⲟⲩⲣⲟⲧ
491	ⲟⲩⲉⲣⲏⲧⲉ	ⲟⲩⲱⲣϩ
492	ⲟⲩⲥ	ⲟⲩⲱⲥϥ
493	ⲟⲩⲁⲥϩ	ⲟⲩⲱⲧ
494	ⲟⲩⲱⲧ	ⲟⲩⲧⲉ
495	ⲟⲩⲏⲧⲉ	ⲟⲩⲱⲱⲧⲉ
496	ⲟⲩⲱⲧⲃ	ⲟⲩⲱⲧⲃ
497	ⲟⲩⲱⲧⲛ	ⲟⲩⲱⲧⲛ
498	ⲟⲩⲟⲧⲡⲥ	ⲟⲩⲱⲧϩ
499	ⲟⲩⲱⲧϩ	ⲟⲩⲟⲉⲓϣ
500	ⲟⲩⲱϣ	ⲟⲩⲱϣ
501	ⲟⲩⲱϣ	ⲟⲩⲱϣ
502	ⲟⲩϣⲏ	ⲟⲩⲱϣⲃ
503	ⲟⲩⲱϣⲙ	ⲟⲩⲱϣⲥ
504	ⲟⲩⲱϣⲧ	ⲟⲩⲟϣⲟⲩⲉϣ
505	ⲟⲩⲁϣϥ	ⲟⲩⲱϩ
506	ⲟⲩⲱϩ	ⲟⲩⲱϩ
507	ⲟⲩⲱϩ	ⲟⲩⲱϩ
508	ⲟⲩⲱϩ	ⲟⲩⲓϩⲉ
509	ⲟⲩⲱϩⲉ	ⲟⲩⲱϩⲙ
510	ⲟⲩⲟϩⲛ	ⲟⲩϩⲟⲣ
511	ⲟⲩⲁϩⲣⲉ	ⲟⲩϫⲁⲓ
512	ⲟⲩⲱϫⲡ	ⲟⲩⲟⲟϭⲉ
513	ⲟⲩⲱϭⲡ	ⲟⲩⲟϭⲟⲩⲉϭ
514	ⲫ	ⲫⲱⲛϩ
515	ⲫⲱⲛϫ	ⲫⲱϫⲓ
516	ⲭ	ⲭⲣⲟⲃⲓ
517	ⲭⲁⲣⲟⲩⲕⲓ	ⲱ
518	ⲱ	ⲱⲃϣ
519	ⲱⲓⲕ	ⲱⲕⲙ
520	ⲱⲗ	ⲱⲗ
521	ⲱⲗ	ⲱⲗ
522	ⲱⲗⲉ	ⲱⲗϫ
523	ⲱⲓⲙⲓ	ⲱⲙⲥ
524	ⲱⲙϫ	ⲱⲛⲕ
525	ⲱⲛⲧ	ⲱⲛϭ
526	ⲱⲡ	ⲱⲡ
527	ⲱⲡ	ⲱⲡ
528	ⲱⲓⲡⲓ	ⲱⲣⲉⲃ
529	ⲱⲣⲉⲃ	ⲱⲣⲕ
530	ⲱⲣϣ	ⲱⲥⲕ
531	ⲱⲥⳉ	ⲱⲧⲡ
532	ⲱⲧⲡ	ⲱⲧϩ
533	ⲱⲧϭ	ⲱϣ
534	ⲱϣ	ⲱϣ
535	ⲱϣ	ⲱϥⲉ
536	ⲱϥⲧ	ⲱϩⲉ
537	ⲱϩⲉ	ⲱϩⲉ
538	ⲱϩⲉ	ⲱϩⲥ
539	ⲱϩⲧ	ⲱϫⲛ
540	ⲱϫⲉⲣ	ϣ
541	ϣ	ϣⲁ
542	ϣⲁ	ϣⲁ
543	ϣⲁ	ϣⲁ
544	ϣⲁ	ϣⲉ
545	ϣⲉ	ϣⲉ
546	ϣⲉ	ϣⲉ
547	ϣⲉ	ϣⲓ
548	ϣⲓ	ϣⲓⲁⲓ
549	ϣⲓⲱ	ϣⲱ
550	ϣⲱ	ϣⲱⲃ
551	ϣⲃⲁ	ϣⲓⲃⲉ
552	ϣⲓⲃⲉ	ϣⲓⲃⲉ
553	ϣⲓⲃⲉ	ϣⲓⲃϯ
554	ϣⲱⲃⲧ	ϣⲱⲃϩ
555	ϣⲑⲉ	ϣⲓⲕⲉ
556	ϣⲱⲕⲉ	ϣⲕⲗⲕⲉⲗ
557	ϣⲕⲁⲡ	ϣⲱⲗ
558	ϣⲱⲗ	ϣⲗⲕⲏⲧ
559	ϣⲗⲟⲕϣⲓ	ϣⲱⲗⲙ
560	ϣⲱⲗⲙ	ϣⲉⲗⲉⲉⲧ
561	ϣⲗⲓⲧ	ϣⲗϩ
562	ϣⲱⲗϩ	ϣⲱⲗϭ
563	ϣⲗϭⲟⲙ	ϣⲏⲙ
564	ϣⲏⲙ	ϣⲱⲱⲙⲉ
565	ϣⲱⲱⲙⲉ	ϣⲙⲙⲟ
566	ϣⲙⲟⲛ	ϣⲟⲙⲛⲧ
567	ϣⲁⲙⲁⲣ	ϣⲙϣⲉ
568	ϣⲙϣⲏϭⲉ	ϣⲱⲛ
569	ϣⲏⲛⲉ	ϣⲓⲛⲉ
570	ϣⲟⲟⲛⲉ	ϣⲱⲛⲉ
571	ϣⲱⲱⲛⲉ	ϣⲛⲉ
572	ϣⲛⲏ	ϣⲱⲛⲧ
573	ϣⲁⲛⲧⲉ	ϣⲱⲛϥ
574	ϣⲱⲛϥ	ϣⲱⲡ
575	ϣⲱⲡ	ϣⲱⲡ
576	ϣⲱⲡ	ϣⲓⲡⲉ
577	ϣⲱⲡⲉ	ϣⲱⲡⲉ
578	ϣⲱⲡⲉ	ϣⲱⲡⲉ
579	ϣⲱⲡⲉ	ϣⲱⲡⲉ
580	ϣⲱⲡⲉ	ϣⲱⲡⲉ
581	ϣⲡⲗⲁⲕ	ϣⲟⲡⲥ
582	ϣⲱⲡⲧ	ϣⲁⲁⲣ
583	ϣⲏⲣ	ϣⲁⲁⲣⲉ
584	ϣⲁⲣⲓ	ϣⲏⲣⲉ
585	ϣⲏⲣⲓ	ϣⲓⲣⲉ
586	ϣⲓⲣⲉ	ϣⲱⲣⲡ
587	ϣⲱⲣⲡ	ϣⲱⲣⲡ
588	ϣⲣⲱⲓⲥ	ϣⲉⲣϣⲓ
589	ϣⲱⲣϣⲓ	ϣⲥⲛⲉ
590	ϣⲥⲟⲟⲩ	ϣⲱⲱⲧ
591	ϣⲱⲱⲧ	ϣⲱⲱⲧ
592	ϣⲱⲱⲧ	ϣⲱⲱⲧ
593	ϣⲱⲱⲧ	ϣⲱⲱⲧ
594	ϣⲁⲧⲉ	ϣⲓϯ
595	ϣⲱⲧⲉ	ϣⲱⲧⲙ
596	ϣⲧⲉⲙ	ϣⲁⲧⲙⲉϩⲏⲗ
597	ϣⲁⲧⲛ	ϣⲧⲟⲣⲧⲣ
598	ϣⲟⲧⲣⲉϥ	ϣⲧⲟⲩⲏⲧ
599	ϣⲟⲧϣⲧ	ϣⲁⲩ
600	ϣⲁⲩ	ϣⲁⲩ
601	ϣⲁⲩ	ϣⲟⲟⲩⲉ
602	ϣⲟⲩⲟ	ϣⲟⲩⲟ
603	ϣⲟⲩⲟ	ϣⲟⲩϣⲓⲧⲥ
604	ϣⲟⲩϣⲟⲩ	ϣⲁϣ
605	ϣⲁⲓϣ	ϣⲱϣ
606	ϣⲱϣ	ϣⲱϣ
607	ϣⲱϣ	ϣϣⲉ
608	ϣⲉϣⲃ	ϣⲟⲩϣⲧ
609	ϣⲱϣⲧ	ϣⲱϥ
610	ϣⲱϥ	ϣϥⲱ
611	ϣϥⲱ	ϣⲟϥⲧⲥ
612	ϣⲟϥϣϥ	ϣⲁϫⲉ
613	ϣⲁϫⲉ	ϣⲁϫⲉ
614	ϣⲁϫⲉ	ϣⲁϫⲉ
615	ϣⲱϫⲉ	ϣⲟϫⲡ
616	ϣⲱϫⲡ	ϣⲱϫⲡ
617	ϣϫⲁⲡ	ϣϫⲓⲧ
618	ϣϫⲱⲧ	ϣϭⲛⲏⲛ
619	ϣϭⲛϭⲓⲛ	ϥ
620	ϥⲁⲓ	ϥⲓ
621	ϥⲓ	ϥⲓ
622	ϥⲓ	ϥⲓ
623	ϥⲟ	ϥⲛⲧ
624	ϥⲣⲉ	ϥⲱⲧⲉ
625	ϥⲱⲧⲉ	ϥⲱϭⲉ
626	ϥⲱϭⲉ	ϥⲱϭⲉ
627	ϥⲱϭⲉ	ϥⲱϭⲉ
628	ⳉ	ⳉⲣⲟⲩⲟ
629	ⳉⲣϣⲓⲣⲉ	ϧⲁ
630	ϧⲁⲓ	ϧⲉⲛⲓ
631	ϧⲁⲓⲟⲣ	ϩ
632	ϩⲁ	ϩⲁ
633	ϩⲁ	ϩⲁ
634	ϩⲁ	ϩⲁ
635	ϩⲁ	ϩⲁⲉ
636	ϩⲁⲏ	ϩⲁⲉⲓⲟ
637	ϩⲉ	ϩⲉ
638	ϩⲉ	ϩⲉ
639	ϩⲉ	ϩⲉ
640	ϩⲉ	ϩⲏ
641	ϩⲏ	ϩⲏ
642	ϩⲏ	ϩⲏ
643	ϩⲏ	ϩⲓ
644	ϩⲓ	ϩⲓ
645	ϩⲓⲉ	ϩⲓⲉ
646	ϩⲓⲏ	ϩⲟ
647	ϩⲟ	ϩⲟ
648	ϩⲟ	ϩⲟ
649	ϩⲟ	ϩⲟ
650	ϩⲟ	ϩⲟⲓ
651	ϩⲟⲓ	ϩⲱⲱ
652	ϩⲁⲁⲃ	ϩⲱⲃ
653	ϩⲱⲃ	ϩⲱⲃ
654	ϩⲱⲃ	ϩⲱⲃ
655	ϩⲱⲃ	ϩⲓⲃⲱⲓ
656	ϩⲱⲃⲓ	ϩⲃⲟⲩⲣ
657	ϩⲃⲟⲣⲃⲣ	ϩⲃⲥ
658	ϩⲏⲃⲥ	ϩⲱⲃⲥ
659	ϩⲱⲃⲥ	ϩⲱⲃⲥ
660	ϩⲟⲃⲥⲧ	ϩⲁⲕ
661	ϩⲁⲕ	ϩⲱⲱⲕ
662	ϩⲱⲕ	ϩⲱⲱⲕⲉ
663	ϩⲕⲟ	ϩⲕⲟ
664	ϩⲁⲕⲗϥ	ϩⲁⲗ
665	ϩⲁⲗ	ϩⲱⲗ
666	ϩⲱⲗ	ϩⲱⲗ
667	ϩⲱⲗ	ϩⲗⲓ
668	ϩⲁⲗⲃ	ϩⲗⲟⲗ
669	ϩⲗⲟⲩⲗ	ϩⲗⲗⲟ
670	ϩⲁⲗⲱⲗⲓ	ϩⲉⲗⲙⲏ
671	ϩⲗⲟⲙⲗⲙ	ϩⲁⲗⲏⲧ
672	ϩⲗⲁϯ	ϩⲱⲗϭ
673	ϩⲱⲗϭ	ϩⲁⲙ
674	ϩⲁⲙ	ϩⲱⲙ
675	ϩⲁⲉⲓⲙⲉ	ϩⲏⲙⲉ
676	ϩⲏⲙⲉ	ϩⲙⲟⲩ
677	ϩⲟⲙⲃⲉ	ϩⲙⲙⲉ
678	ϩⲙⲙⲉ	ϩⲙⲛⲧⲱⲣⲉ
679	ϩⲙⲛⲓϥⲉ	ϩⲙⲟⲟⲥ
680	ϩⲙⲟⲟⲥ	ϩⲙⲟⲟⲥ
681	ϩⲟⲙⲧ	ϩⲙⲟⲧ
682	ϩⲁⲙⲉⲧⲉ	ϩⲙⲟϫ
683	ϩⲁⲛ	ϩⲛ
684	ϩⲛ	ϩⲛ
685	ϩⲉⲛ	ϩⲟⲩⲛ
686	ϩⲟⲩⲛ	ϩⲟⲩⲛ
687	ϩⲱⲛ	ϩⲱⲛ
688	ϩⲱⲛ	ϩⲏⲛⲉ
689	ϩⲏⲛⲉ	ϩⲟⲉⲓⲛⲉ
690	ϩⲱⲛⲉ	ϩⲛⲟ
691	ϩⲓⲛⲏⲃ	ϩⲱⲛⲧ
692	ϩⲉⲛⲉⲉⲧⲉ	ϩⲛⲁⲁⲩ
693	ϩⲛⲁⲩ	ϩⲁⲡ
694	ϩⲁⲡ	ϩⲁⲡ
695	ϩⲁⲁⲡ	ϩⲱⲡ
696	ϩⲱⲡ	ϩⲓⲣ
697	ϩⲓⲣ	ϩⲣⲁ
698	ϩⲣⲁ	ϩⲣⲁⲓ
699	ϩⲣⲁⲓ	ϩⲣⲁⲓ
700	ϩⲣⲁⲓ	ϩⲣⲁⲓ
701	ϩⲣⲉ	ϩⲣⲃ
702	ϩⲣⲃ	ϩⲣⲟⲕ
703	ϩⲉⲣⲕⲟⲩ	ϩⲁⲣⲡϣⲱⲧ
704	ϩⲣⲏⲣ	ϩⲣⲟⲟⲩ
705	ϩⲣⲟⲩⲣ	ϩⲣⲟⲩⲣ
706	ϩⲣⲟⲩⲱⲣ	ϩⲣⲟϣ
707	ϩⲣⲟϣ	ϩⲁⲣⲉϩ
708	ϩⲣⲟϩ	ϩⲣⲟϫⲣⲉϫ
709	ϩⲱⲣϭ	ϩⲱⲥ
710	ϩⲱⲥ	ϩⲓⲥⲉ
711	ϩⲓⲥⲉ	ϩⲓⲥⲉ
712	ϩⲓⲥⲉ	ϩⲓⲥⲉ
713	ϩⲓⲥⲉ	ϩⲁⲉⲓⲧ
714	ϩⲉⲧ	ϩⲏⲧ
715	ϩⲏⲧ	ϩⲏⲧ
716	ϩⲏⲧ	ϩⲏⲧ
717	ϩⲏⲧ	ϩⲏⲧ
718	ϩⲏⲧ	ϩⲱⲧ
719	ϩⲱⲧ	ϩⲓⲧⲉ
720	ϩⲟⲉⲓⲧⲉ	ϩⲟⲧⲉ
721	ϩⲟⲧⲉ	ϩⲟⲧⲉ
722	ϩⲟⲧⲉ	ϩⲧⲁⲉⲓ
723	ϩⲧⲏ	ϩⲱⲧⲃ
724	ϩⲁⲧⲏⲗ	ϩⲱⲧⲡ
725	ϩⲱⲧⲡ	ϩⲁⲧⲏⲣ
726	ϩⲱⲧⲉⲣ	ϩⲧⲟⲣ
727	ϩⲧⲱⲣⲉ	ϩⲧⲟⲟⲩⲉ
728	ϩⲓⲧⲟⲩⲛ	ϩⲁⲩ
729	ϩⲁⲩ	ϩⲏⲩ
730	ϩⲟⲟⲩ	ϩⲟⲟⲩ
731	ϩⲟⲟⲩ	ϩⲟⲟⲩ
732	ϩⲱⲟⲩ	ϩⲓⲟⲩⲉ
733	ϩⲓⲟⲩⲉ	ϩⲓⲟⲩⲉ
734	ϩⲓⲟⲩⲉ	ϩⲓⲟⲩⲉ
735	ϩⲟⲩⲟ	ϩⲟⲩⲟ
736	ϩⲟⲩⲟ	ϩⲟⲩⲟ
737	ϩⲟⲟⲩⲉ	ϩⲟⲩⲣⲱ
738	ϩⲟⲩⲣⲓⲧ	ϩⲟⲟⲩⲧ
739	ϩⲟⲟⲩⲧⲛ	ϩⲟⲩϩⲉ
740	ϩⲁⲩϭⲁⲗ	ϩⲟϥ
741	ϩⲟⲩϥ	ϩⲁϩ
742	ϩⲁϩ	ϩϫⲁ
743	ϩϫⲉ	ϩⲟϫϩϫ
744	ϩⲟϫϫ	ϩⲱϭⲡ
745	ϫ	ϫⲁⲉⲓⲉ
746	ϫⲁⲉⲓⲟ	ϫⲉ
747	ϫⲉ	ϫⲓ
748	ϫⲓ	ϫⲓ
749	ϫⲓ	ϫⲓ
750	ϫⲓ	ϫⲓ
751	ϫⲓ	ϫⲓ
752	ϫⲓ	ϫⲟ
753	ϫⲟ	ϫⲟⲉ
754	ϫⲟⲓ	ϫⲱ
755	ϫⲱ	ϫⲱ
756	ϫⲱ	ϫⲱ
757	ϫⲱ	ϫⲱ
758	ϫⲱ	ϫⲱ
759	ϫⲱ	ϫⲱⲱⲃⲉ
760	ϫⲃⲃⲉⲥ	ϫⲁⲕ
761	ϫⲁⲕ	ϫⲱⲕ
762	ϫⲱⲕ	ϫⲱⲕ
763	ϫⲏⲕⲉ	ϫⲱⲕⲙ
764	ϫⲱⲕⲣ	ϫⲉⲕⲁⲁⲥ
765	ϫⲟⲕⲥⲓ	ϫⲉⲗⲁ
766	ϫⲉ	ϫⲱⲗⲕ
767	ϫⲱⲗⲕ	ϫⲱⲗⲕ
768	ϫⲱⲗⲕ	ϫⲓⲗⲙⲁ
769	ϫⲓⲗⲙⲓⲛ	ϫⲱⲗϩⲥ
770	ϫⲗⲁϩⲧⲥ	ϫⲱⲱⲙⲉ
771	ϫⲙⲉ	ϫⲓⲙⲫⲉϩ
772	ϫⲉⲙϣⲁⲓ	ϫⲓⲛ
773	ϫⲓⲛ	ϫⲛⲁ
774	ϫⲛⲁ	ϫⲛⲟⲩ
775	ϫⲛⲛⲉ	ϫⲱⲛⲧ
776	ϫⲱⲛⲧ	ϫⲱⲛϥ
777	ϫⲛⲟϥ	ϫⲡ
778	ϫⲉⲡ	ϫⲡⲟ
779	ϫⲡⲟ	ϫⲡⲟ
780	ϫⲁⲡⲗⲉ	ϫⲓⲣ
781	ϫⲓⲣ	ϫⲉⲣⲟ
782	ϫⲉⲣⲟ	ϫⲱⲱⲣⲉ
783	ϫⲱⲱⲣⲉ	ϫⲣⲟ
784	ϫⲣⲟ	ϫⲣⲟ
785	ϫⲱⲣⲉⲃ	ϫⲱⲣⲙ
786	ϫⲱⲣⲙ	ϫⲱⲣⲡ
787	ϫⲣⲁⲣⲉ	ϫⲟⲉⲓⲥ
788	ϫⲟⲥ	ϫⲓⲥⲉ
789	ϫⲓⲥⲉ	ϫⲓⲥⲉ
790	ϫⲓⲥⲉ	ϫⲟⲉⲓⲧ
791	ϫⲟⲉⲓⲧ	ϫⲱⲧⲉ
792	ϫⲧⲁⲓ	ϫⲁⲓⲱⲟⲩ
793	ϫⲉⲩ	ϫⲓⲟⲩⲉ
794	ϫⲓⲟⲩⲉ	ϫⲟⲩⲱⲧ
795	ϫⲟⲟⲩϥ	ϫⲟⲩϥ
796	ϫⲟⲩϥ	ϫⲓϩ
797	ϫⲱϩ	ϫⲱϩⲙ
798	ϫⲁϩⲛⲓ	ϫⲁϫ
799	ϫⲁϫ	ϫⲁϫⲉ
800	ϫⲁϫⲉ	ϫⲱⲱϭⲉ
801	ϭ	ϭ
802	ϭⲁ	ϭⲉ
803	ϭⲉ	ϭⲱ
804	ϭⲱ	ϭⲱⲱⲃⲉ
805	ϭⲱⲃⲉ	ϭⲃⲃⲉ
806	ϭⲃⲓⲣ	ϭⲱⲗ
807	ϭⲱⲗ	ϭⲟⲉⲓⲗⲉ
808	ϭⲟⲉⲓⲗⲉ	ϭⲟⲉⲓⲗⲉ
809	ϭⲱⲱⲗⲉ	ϭⲱⲱⲗⲉ
810	ϭⲱⲱⲗⲉ	ϭⲁⲗⲓⲗ
811	ϭⲓⲗⲗ	ϭⲗⲟⲙⲗⲙ
812	ϭⲉⲗⲙⲏⲛ	ϭⲱⲗⲡ
813	ϭⲱⲗⲡ	ϭⲁⲗⲁϩⲧ
814	ϭⲁⲗⲟϫ	ϭⲱⲗϫ
815	ϭⲱⲗϫ	ϭⲟⲙ
816	ϭⲟⲙ	ϭⲟⲙ
817	ϭⲟⲙ	ϭⲱⲙ
818	ϭⲁⲓⲙⲉ	ϭⲟⲙϭⲉⲙ
819	ϭⲓⲛ	ϭⲟⲛ
820	ϭⲉⲛⲁ	ϭⲓⲛⲉ
821	ϭⲓⲛⲉ	ϭⲛⲟⲛ
822	ϭⲁⲛⲛⲁ	ϭⲱⲛⲧ
823	ϭⲱⲛⲧ	ϭⲛⲁⲩϩ
824	ϭⲟⲛϥ	ϭⲟⲡ
825	ϭⲟⲡ	ϭⲱⲡⲉ
826	ϭⲱⲡⲉ	ϭⲱⲡⲉ
827	ϭⲁⲡⲗⲏⲩⲉ	ϭⲓⲣⲁ
828	ϭⲱⲣⲉ	ϭⲣⲟⲟⲙⲡⲉ
829	ϭⲁⲣⲱⲡ	ϭⲣⲱϩ
830	ϭⲣⲏϩⲓ	ϭⲱⲣϭ
831	ϭⲱⲣϭ	ϭⲣⲟⲟϭ
832	ϭⲉⲣϭⲱ	ϭⲁⲓⲧ
833	ϭⲟⲧ	ϭⲱⲧⲡ
834	ϭⲓⲧⲣⲉ	ϭⲱⲧϩ
835	ϭⲟⲧϭⲉⲧ	ϭⲁⲟⲩⲟⲛ
836	ϭⲁⲟⲩⲟⲛ	ϭⲱϣ
837	ϭⲁⲓϣⲉ	ϭⲱϣⲧ
838	ϭⲱϣⲧ	ϭⲱϣⲧ
839	ϭⲓϣϣⲱⲟⲩ	ϭⲓϫ
840	ϭⲟⲩϫ	ϭⲟϫⲓ
841	ϭⲱⲱϫⲉ	ϭⲱϫⲃ
842	ϭⲁϫⲙⲏ	ϭⲟϫϭⲉϫ
843	ϭⲁϭ	ϭⲁϭⲣⲏⲥ
844	ϭⲁϭⲉⲧⲟⲗ	ϭⲁϭⲟⲩϩⲟⲣ
