page	start	end
879	α	ἀεισέβαστος
880	ἀεργός	ἀκρόασις
881	ἀκροατήριον	ἀμφίβληστρον
882	ἀμφιβολεύς	ἀνασπᾶν
883	ἀνάστασις	ἀντέχειν
884	ἀντιδιατιθέναι	ἀπιέναι
885	Ἆπις	ἀποσαροῦν
886	ἀποσάττειν	ἀρρωστήμα
887	ἀρρωστία	αὐλός
888	αὐλών	βασιλεία
889	βασίλειον	γαῖα
890	γαῖσος	γυργαθός
891	γυρεύειν	διάδοχος
892	διαδύειν	διατιθέναι
893	διατίλλειν	δόγμα
894	δογματίζειν	ἐγκόπτειν
895	ἐγκοτεῖν	ἐκεῖ
896	ἐκεῖθεν	ἐκτυφλοῦν
897	ἐκφαίνειν	ἐν
898	ἐνάγειν	ἐξακοντίζειν
899	ἐξακριβάζειν	ἐπάνω
900	ἐπάνωθεν	ἐπιμελεῖσθαι
901	ἐπιμελής	ἐρεθισμός
902	ἐρεθιστής	εὐμορφία
903	εὔμορφος	ζητεῖν
904	ζήτησις	θεραπεύειν
905	θεράπων	ἰκτίν
906	ἱλαρός	κακοπραγία
907	κακός	καταδεῖν
908	καταδεῖσθαι	κατάρτισις
909	καταρτισμός	κείρειν
910	κειρία	κοινότης
911	κοινοῦν	κριτήριον
912	κριτής	λάξ
913	λαξεύειν	λῶδιξ
914	λῶμα	μένειν
915	μερίζειν	μισοξενία
916	μῖσος	νέωμα
917	νεωστί	οἰκτίρμων
918	ὀικτρός	ὀπτός
919	ὀπώρα	ὄψις
920	ὀψοποίημα	παραλυτικός
921	παράλυτος	πεδήτης
922	πεδιάς	περίσσευμα
923	περισσός	πλήρωμα
924	πλήρωσις	ποταμοφόρητος
925	ποταπός	προσδέχεσθαι
926	προσδοκᾶν	πτέρυξ
927	πτερύσσεσθαι	ῥύσις
928	ρυστης	σκολάκιν
929	σκολιάζειν	στήριγμα
930	στηριγμός	συλλοιδορεῖν
931	συμβαίνειν	συνήθεια
932	συνηλικιώτης	ταινία
933	τακτικός	τόκος
934	τομή	ὕδωρ
935	ὕειν	ὑποπυρρίζειν
936	ὑπορράπτειν	φλέγειν
937	φλέγμα	χαυνότης
938	χαυνοῦν	ψεύδειν
939	ψευδής	ὤχρα
