date	timestamp	loc	loc_inc_archive	crum_img	crum_dawoud	loc_crum	loc_copticsite	loc_kellia	loc_bible	loc_flashcards	loc_grammar	loc_keyboard	loc_morphology	loc_site	loc_shared	loc_archive	crum_typos	crum_img_sum	crum_dawoud_sum	num_commits	num_contributors	crum_notes	loc_python	loc_make	loc_css	loc_sh	loc_js	loc_md	loc_yaml	loc_dot	loc_keyboard_layout	loc_txt	crum_wrd_typos	crum_drv_typos	crum_pages_changed	crum_root_senses	crum_root_senses_sum	loc_ts	loc_json	disk_usage	disk_usage_human	loc_toml	foc	foc_python	foc_make	foc_css	foc_sh	foc_js	foc_md	foc_yaml	foc_toml	foc_dot	foc_keyboard_layout	foc_txt	foc_ts	foc_json	loc_html	foc_html	crum_last_page	crum_type_override	crum_sisters	crum_sisters_sum	crum_antonyms	crum_antonyms_sum	crum_homonyms	crum_homonyms_sum	crum_greek_sisters	crum_greek_sisters_sum	open_issues	closed_issues	crum_categories	crum_categories_sum	loc_dawoud	loc_andreas	crum_wiki
Sun Jul 14 07:26:58 CEST 2024	1720934818		15326	554	1378																																																																						
Sun Jul 14 07:27:01 CEST 2024	1720934821		15326	554	1378																																																																						
Sun Jul 14 20:16:05 CEST 2024	1720980965		15508	554	1394																																																																						
Mon Jul 15 11:44:35 CEST 2024	1721036675		15494	554	1394																																																																						
Tue Jul 16 12:52:27 CEST 2024	1721127147		15685	554	1413																																																																						
Thu Jul 18 09:11:13 CEST 2024	1721286673		15704	576	1430																																																																						
Fri Jul 19 08:34:08 CEST 2024	1721370848		15705	591	1457																																																																						
Sun Jul 21 08:54:56 CEST 2024	1721544896		15760	591	1468																																																																						
Tue Jul 23 16:56:05 CEST 2024	1721746565		15768	591	1484																																																																						
Wed Jul 24 22:07:59 CEST 2024	1721851679		15768	591	1498																																																																						
Fri Jul 26 18:26:31 CEST 2024	1722011191		15768	591	1524																																																																						
Sat Jul 27 18:28:51 CEST 2024	1722097731		15786	591	1524																																																																						
Mon Jul 29 14:45:35 CEST 2024	1722257135		15847	594	1524																																																																						
Tue Jul 30 21:39:26 CEST 2024	1722368366		15856	605	1550																																																																						
Thu Aug  1 09:35:24 CEST 2024	1722497724		16090	649	1550																																																																						
Fri Aug  2 10:35:05 CEST 2024	1722587705		16060	649	1557																																																																						
Sat Aug  3 18:09:48 CEST 2024	1722701388		16170	649	1557																																																																						
Sun Aug  4 12:52:10 CEST 2024	1722768730		16186	649	1985																																																																						
Mon Aug  5 12:53:16 CEST 2024	1722855196		16227	649	2104																																																																						
Wed Aug  7 07:32:47 CEST 2024	1723008767		16533	649	2104																																																																						
Thu Aug  8 08:04:37 CEST 2024	1723097077		16627	649	2532																																																																						
Fri Aug  9 09:18:18 CEST 2024	1723187898		16540	650	2532																																																																						
Sat Aug 10 09:41:21 CEST 2024	1723275681		16574	748	2532																																																																						
Sun Aug 11 09:48:52 CEST 2024	1723362532		16602	790	2532																																																																						
Mon Aug 12 10:41:43 CEST 2024	1723452103		16882	790	2532																																																																						
Mon Aug 12 21:44:27 CEST 2024	1723491867	10268	18703	790	2532	2543	358	1341	607	2004	0	849	1042	49	1300	8435																																																											
Mon Aug 12 22:05:36 CEST 2024	1723493136	10284	18719	790	2532	2543	358	1341	607	2004	0	849	1042	49	1316	8435	56																																																										
Mon Aug 12 22:15:54 CEST 2024	1723493754	10299	18734	790	2532	2543	358	1341	607	2004	0	849	1042	49	1331	8435	56	1286																																																									
Wed Aug 14 08:02:50 CEST 2024	1723615370	10422	18857	790	2660	2458	358	1341	560	1964	0	849	1042	51	1799	8435	56	1286																																																									
Thu Aug 15 10:29:18 CEST 2024	1723710558	10532	18967	790	2658	2459	358	1341	560	2000	0	849	1042	76	1847	8435	57	1286	4329	1113	1																																																						
Thu Aug 15 14:30:10 CEST 2024	1723725010	10581	19016	790	2658	2457	358	1341	560	1993	0	849	1042	79	1902	8435	59	1292	4339	1126	1	4	7571	317	167	498	255	675	190	59	849																																												
Fri Aug 16 21:40:06 CEST 2024	1723837206	10465	18839	790	2658	2457	358	1341	560	1837	0	849	1042	82	1939	8374	59	1292	4339	1161	1	4	7611	313	119	500	131	675	190	59	849	18	35	24	53																																								
Sun Aug 18 10:08:55 CEST 2024	1723968535	10462	18836	790	2658	2451	358	1341	560	1837	0	849	1042	82	1942	8374	57	1292	4339	1167	1	4	7605	313	119	500	131	678	190	59	849	18	33	24	51																																								
Mon Aug 19 10:24:39 CEST 2024	1724055879	10481	18855	790	2658	2451	358	1341	560	1845	0	849	1042	82	1953	8374	57	1292	4338	1173	1	4	7613	324	119	500	131	678	190	59	849	18	33	24	51																																								
Tue Aug 20 12:03:15 CEST 2024	1724148195	10749	19123	790	2658	2559	358	1341	560	1960	0	849	1042	82	1998	8374	57	1291	4338	1202	1	4	7773	334	128	517	191	690	190	59	849	18	33	24	51	60	139																																						
Wed Aug 21 16:16:46 CEST 2024	1724249806	10968	19342	790	2658	2559	358	1341	560	1977	0	849	1042	115	2167	8374	57	1291	4338	1233	1	4	7766	330	128	578	29	690	198	67	849	18	33	24	51	60	139	199	116																																				
Thu Aug 22 17:17:04 CEST 2024	1724339824	11045	19419	790	2658	2551	358	1341	560	1977	0	849	1042	276	2091	8374	57	1291	4338	1250	1	4	7758	330	128	651	29	701	198	67	849	19	33	24	51	60	139	199	116	8268160	7.9G																																		
Fri Aug 23 17:21:46 CEST 2024	1724426506	11215	19589	790	2658	2562	358	1341	560	2045	0	849	1042	381	2077	8374	57	1291	4338	1288	1	4	7874	330	128	665	35	676	199	67	849	19	33	24	51	60	139	257	116	8282186	7.9G																																		
Sat Aug 24 18:00:06 CEST 2024	1724515206	11346	19720	790	2658	2497	358	1341	560	1991	0	849	1042	381	2327	8374	57	1291	4338	1317	1	4	7740	338	128	668	38	713	358	27	849	19	33	24	51	60	139	272	196	8313600	8.0G																																		
Mon Aug 26 08:17:32 CEST 2024	1724653052	11384	19758	790	2658	2498	340	1306	560	1995	0	849	1042	381	2413	8374	57	1291	4338	1340	1	4	7692	310	128	692	38	725	436	27	849	19	33	24	51	71	160	272	196	8294065	8.0G																																		
Tue Aug 27 09:00:15 CEST 2024	1724742015	11800	20174	790	2658	2744	324	1347	586	2006	0	849	1043	377	2524	8374	57	1291	4338	1367	1	4	7996	317	128	713	38	744	481	28	849	21	33	24	51	71	160	283	196	8889187	8.5G	6																																	
Wed Aug 28 19:48:31 CEST 2024	1724867311	12425	20965	790	2658	2744	324	1347	586	2081	0	849	1043	723	2728	8540	59	1289	4380	1389	1	4	8342	314	128	995	38	744	406	28	849	48	34	25	53	72	164	331	196	8892789	8.5G	6	89	53	1	3	13	1	2	3	1	1	4	2	1	4																			
Thu Aug 29 21:41:18 CEST 2024	1724960478	12344	20884	790	2658	2744	324	1347	586	2121	0	849	1043	608	2722	8540	59	1289	4380	1398	1	4	8224	314	128	998	38	744	400	28	849	48	34	25	53	72	164	371	196	8902650	8.5G	6	89	53	1	3	13	1	2	3	1	1	4	2	1	4																			
Sat Aug 31 09:30:47 CEST 2024	1725089447	12383	20923	790	2658	2744	324	1347	586	2117	0	849	1043	644	2729	8540	59	1289	4380	1407	1	4	8213	319	128	1043	38	746	402	28	849	48	34	25	53	72	164	367	196	8904092	8.5G	6	89	53	1	3	13	1	2	3	1	1	4	2	1	4																			
Sun Sep  1 12:16:09 CEST 2024	1725185769	12330	20870	790	2658	2768	322	1347	560	2000	0	849	1033	640	2811	8540	59	1289	4380	1427	1	4	8078	319	128	1138	38	721	411	28	849	51	34	25	53	72	164	367	196	8910632	8.5G	6	89	52	1	3	14	1	2	3	1	1	4	2	1	4																			
Mon Sep  2 14:38:23 CEST 2024	1725280703	12217	20757	790	2658	2653	322	1349	558	2013	0	849	1035	635	2803	8540	59	1289	4380	1446	1	4	7933	324	128	1133	51	721	411	28	849	57	34	25	53	72	164	380	196	8876229	8.5G	6	88	50	1	3	14	1	2	3	1	1	4	3	1	4																			
Tue Sep  3 15:36:11 CEST 2024	1725370571	11999	20539	810	2659	2653	322	1349	558	2051	0	849	1035	382	2800	8540	60	1330	4413	1466	1	4	7749	321	128	1093	51	731	411	28	849	56	35	25	54	89	192	380	196	9025558	8.7G	6	86	48	1	3	14	1	2	3	1	1	4	3	1	4																			
Wed Sep  4 16:04:10 CEST 2024	1725458650	12090	20630	810	2659	2653	322	1349	558	2023	0	849	1035	573	2728	8540	60	1330	4413	1485	1	4	7778	328	128	1068	51	731	400	28	849	29	35	25	54	89	192	530	164	9029815	8.7G	6	85	48	1	3	13	1	2	3	1	1	4	2	2	4																			
Thu Sep  5 16:15:04 CEST 2024	1725545704	12209	20749	810	2659	2765	322	1349	558	2015	0	849	1035	599	2717	8540	60	1330	4413	1510	1	4	7890	296	128	1070	51	731	411	28	849	39	35	25	54	160	378	546	164	9034355	8.7G	6	87	50	1	3	13	1	2	3	1	1	4	2	2	4																			
Fri Sep  6 16:23:42 CEST 2024	1725632622	12399	20939	810	2659	2765	322	1349	558	2041	0	849	1035	761	2719	8540	61	1330	4413	1548	1	4	8004	298	128	1096	51	731	411	28	849	39	35	26	55	160	378	594	164	9105831	8.7G	6	87	50	1	3	13	1	2	3	1	1	4	2	2	4																			
Sat Sep  7 17:35:11 CEST 2024	1725723311	12616	21156	810	2659	2765	322	1349	558	2041	0	849	1035	976	2721	8540	61	1330	4413	1565	1	4	8054	293	144	1099	51	580	411	28	849	39	35	26	55	160	378	607	164	9098918	8.7G	6	93	54	1	4	13	1	1	3	1	1	4	2	2	4	291	2																	
Sun Sep  8 18:02:05 CEST 2024	1725811325	12747	21287	810	2659	2765	322	1349	558	2044	0	849	1035	1090	2735	8540	61	1330	4413	1580	1	4	8093	307	144	1099	51	580	411	28	849	39	35	26	55	160	378	666	164	9110588	8.7G	6	93	54	1	4	13	1	1	3	1	1	4	2	2	4	310	2																	
Mon Sep  9 18:46:06 CEST 2024	1725900366	12640	21180	811	2659	2732	322	1349	558	1990	0	849	1035	1101	2704	8540	62	1331	4418	1592	1	4	8033	309	144	1092	51	580	412	28	849	39	36	26	56	160	378	622	164	9107115	8.7G	6	93	54	1	4	13	1	1	3	1	1	4	2	2	4	311	2																	
Wed Sep 11 10:51:40 CEST 2024	1726044700	12680	21220	811	2659	2732	322	1349	558	1979	0	849	1035	1100	2756	8540	62	1331	4418	1606	1	4	8036	333	144	1099	51	601	412	29	849	39	36	26	56	162	384	609	164	9139609	8.8G	6	93	54	1	4	13	1	1	3	1	1	4	2	2	4	308	2																	
Thu Sep 12 19:00:06 CEST 2024	1726160406	12652	21192	811	2659	2732	322	1349	528	1979	0	849	1035	1098	2760	8540	63	1331	4418	1620	1	4	8006	322	144	1102	51	601	412	41	849	39	36	27	57	162	384	607	164	9067352	8.7G	6	93	54	1	4	13	1	1	3	1	1	4	2	2	4	308	2																	
Sat Sep 14 08:24:48 CEST 2024	1726295088	12804	21344	811	2659	2820	322	1349	528	1984	0	849	1035	1149	2768	8540	63	1332	4418	1644	1	4	8099	324	144	1108	51	601	412	41	849	39	36	27	57	162	384	655	164	9094132	8.7G	6	93	54	1	4	13	1	1	3	1	1	4	2	2	4	311	2																	
Sun Sep 15 09:37:21 CEST 2024	1726385841	13082	21622	811	2659	2852	322	1349	528	1984	0	849	1035	1382	2781	8540	63	1341	4419	1671	1	4	8131	328	296	1112	51	608	412	41	849	39	36	27	57	164	397	655	163	9168668	8.8G	6	93	54	1	4	13	1	1	3	1	1	4	2	2	4	391	2																	
Mon Sep 16 11:45:12 CEST 2024	1726479912	13119	21659	812	2659	2852	322	1349	528	1984	0	849	1035	1408	2792	8540	63	1344	4419	1682	1	4	8131	328	315	1114	51	619	412	41	849	39	36	27	57	166	400	667	163	9195604	8.8G	6	93	54	1	4	13	1	1	3	1	1	4	2	2	4	384	2																	
Tue Sep 17 21:39:40 CEST 2024	1726601980	13119	21659	812	2659	2852	322	1349	528	1984	0	849	1035	1408	2792	8540	66	1344	4419	1684	1	4	8131	328	315	1114	51	619	412	41	849	39	39	27	60	166	400	667	163	9201729	8.8G	6	93	54	1	4	13	1	1	3	1	1	4	2	2	4	384	2																	
Thu Sep 19 08:15:19 CEST 2024	1726726519	13117	21657	812	2659	2852	322	1349	528	1984	0	849	1035	1406	2792	8540	67	1344	4438	1689	1	4	8131	328	315	1114	51	619	412	41	849	39	40	27	61	166	400	667	163	9203989	8.8G	6	93	54	1	4	13	1	1	3	1	1	4	2	2	4	382	2																	
Fri Sep 20 10:19:45 CEST 2024	1726820385	13124	21664	812	2659	2852	322	1349	528	1984	0	849	1035	1413	2792	8540	67	1344	4438	1694	1	4	8131	328	315	1114	51	619	412	41	849	39	40	27	61	166	400	670	163	9204844	8.8G	6	93	54	1	4	13	1	1	3	1	1	4	2	2	4	386	2																	
Sat Sep 21 12:38:34 CEST 2024	1726915114	13126	21666	813	2659	2852	322	1349	528	1984	0	849	1035	1413	2794	8540	71	1344	4438	1702	1	4	8131	328	315	1116	51	619	412	41	849	39	41	30	63	166	400	670	163	9222385	8.8G	6	93	54	1	4	13	1	1	3	1	1	4	2	2	4	386	2																	
Sun Sep 22 15:53:54 CEST 2024	1727013234	13213	21753	882	2659	2913	322	1349	528	1984	0	849	1035	1413	2820	8540	75	1461	4439	1733	1	4	8192	329	315	1141	51	619	412	41	849	39	45	30	67	331	729	670	163	9473580	9.1G	6	93	54	1	4	13	1	1	3	1	1	4	2	2	4	386	2	4	0															
Mon Sep 23 18:28:12 CEST 2024	1727108892	13228	21768	902	2659	2928	322	1349	528	1984	0	849	1035	1413	2820	8540	78	1498	4439	1745	1	4	8207	329	315	1141	51	619	412	41	849	39	47	31	70	380	854	670	163	9561497	9.2G	6	93	54	1	4	13	1	1	3	1	1	4	2	2	4	386	2	6	0															
Tue Sep 24 19:39:36 CEST 2024	1727199576	13359	21899	923	2659	3052	322	1349	528	1985	0	849	1035	1413	2826	8540	81	1550	4440	1771	1	4	8332	335	315	1141	51	619	412	41	849	39	47	34	71	404	912	670	163	9763905	9.4G	6	93	54	1	4	13	1	1	3	1	1	4	2	2	4	386	2	6	0															
Thu Sep 26 11:10:02 CEST 2024	1727341802	13443	21953	943	2659	3130	323	1351	529	1986	0	849	1035	1414	2826	8510	81	1583	4443	1781	1	4	8339	335	315	1218	51	619	412	41	849	39	47	34	71	441	970	670	163	9814190	9.4G	6	94	54	1	4	14	1	1	3	1	1	4	2	2	4	386	2	7	0															
Sat Sep 28 17:23:25 CEST 2024	1727537005	13443	21953	943	2659	3130	323	1351	529	1986	0	849	1035	1414	2826	8510	81	1583	4443	1784	1	4	8339	335	315	1218	51	619	412	41	849	39	47	34	71	441	970	670	163	9824112	9.4G	6	94	54	1	4	14	1	1	3	1	1	4	2	2	4	386	2	7	0															
Mon Sep 30 08:13:54 CEST 2024	1727676834	13443	21953	961	2659	3130	323	1351	529	1986	0	849	1035	1414	2826	8510	81	1623	4444	1792	1	4	8339	335	315	1218	51	619	412	41	849	39	47	34	71	491	1064	670	163	9866871	9.5G	6	94	54	1	4	14	1	1	3	1	1	4	2	2	4	386	2	8	0															
Tue Oct  1 09:37:31 CEST 2024	1727768251	13443	21953	966	2659	3130	323	1351	529	1986	0	849	1035	1414	2826	8510	81	1634	4444	1796	1	4	8339	335	315	1218	51	619	412	41	849	39	47	34	71	491	1065	670	163	9883497	9.5G	6	94	54	1	4	14	1	1	3	1	1	4	2	2	4	386	2	8	0															
Wed Oct  2 11:22:25 CEST 2024	1727860945	13480	21990	977	2659	3167	323	1351	529	1986	0	849	1035	1414	2826	8510	82	1669	4448	1814	1	7	8376	335	315	1218	51	619	412	41	849	39	48	34	72	575	1207	670	163	10024393	9.6G	6	94	54	1	4	14	1	1	3	1	1	4	2	2	4	386	2	8	0															
Thu Oct  3 13:37:22 CEST 2024	1727955442	13408	21918	987	2659	3090	323	1351	529	1986	0	849	1035	1414	2831	8510	82	1687	4448	1823	1	7	8312	333	315	1211	51	620	412	41	849	39	48	34	72	575	1207	670	163	10048455	9.6G	6	94	54	1	4	14	1	1	3	1	1	4	2	2	4	386	2	8	0															
Fri Oct  4 21:37:24 CEST 2024	1728070644	13442	21952	993	2659	3090	323	1351	529	2001	0	849	1035	1420	2844	8510	82	1696	4448	1852	1	7	8312	333	315	1216	51	625	412	41	849	40	48	34	72	575	1207	685	163	10083570	9.7G	6	94	54	1	4	14	1	1	3	1	1	4	2	2	4	394	2	8	0															
Sun Oct  6 10:35:30 CEST 2024	1728203730	13715	22225	993	2659	3088	323	1354	529	1992	0	849	1035	1741	2804	8510	82	1696	4448	1883	1	7	8421	333	367	1216	51	625	406	41	849	40	48	34	72	575	1207	739	163	10161842	9.7G	6	94	54	1	4	14	1	1	3	1	1	4	2	2	4	458	2	8	0															
Mon Oct  7 19:13:40 CEST 2024	1728321220	13745	22255	1012	2659	3114	323	1354	529	1997	0	849	1035	1741	2803	8510	82	1740	4449	1899	1	7	8452	333	367	1216	51	624	406	41	849	40	48	34	72	607	1269	739	163	10241000	9.8G	6	94	54	1	4	14	1	1	3	1	1	4	2	2	4	458	2	8	0															
Tue Oct  8 20:55:57 CEST 2024	1728413757	13788	22298	1016	2659	3114	323	1354	529	1869	0	849	1035	1804	2911	8510	82	1745	4449	1921	1	7	8452	335	290	1214	132	674	416	41	849	40	48	34	72	607	1269	739	128	10251580	9.8G	6	92	54	1	1	14	2	1	3	1	1	4	2	2	4	472	2	8	0															
Thu Oct 10 11:06:31 CEST 2024	1728551191	13829	22339	1016	2659	3114	323	1354	529	1869	0	849	1035	1864	2892	8510	82	1745	4449	1946	1	7	8491	335	273	1214	139	650	416	39	849	40	48	34	72	607	1269	744	128	10305620	9.9G	6	92	54	1	1	14	2	1	3	1	1	4	2	2	4	505	2	8	0															
Fri Oct 11 12:46:15 CEST 2024	1728643575	13917	22427	1022	2659	3165	323	1354	529	1906	0	849	1035	1864	2892	8510	82	1754	4449	1962	1	7	8573	335	273	1214	139	650	416	39	849	40	48	34	72	608	1271	750	128	10339333	9.9G	6	92	54	1	1	14	2	1	3	1	1	4	2	2	4	505	2	8	0															
Sat Oct 12 13:34:36 CEST 2024	1728732876	14023	22563	1021	2659	3235	323	1354	529	1906	0	849	1035	1867	2925	8540	82	1754	4449	1981	1	7	8702	335	273	1222	139	618	417	39	849	40	48	34	72	608	1271	750	128	11196692	11G	6	93	54	1	1	14	2	2	3	1	1	4	2	2	4	505	2	8	0															
Sun Oct 13 09:26:44 CEST 2024	1728804404	14103	22643	1021	2659	3257	323	1354	529	1922	0	849	1035	1867	2967	8540	82	1754	4449	1988	1	7	8740	335	273	1264	139	618	417	39	849	40	48	34	72	608	1271	750	128	11211370	11G	6	93	54	1	1	14	2	2	3	1	1	4	2	2	4	505	2	8	0	37	58	2	2											
Mon Oct 14 12:24:38 CEST 2024	1728901478	14190	22730	1024	2659	3341	323	1354	529	1921	0	849	1035	1867	2971	8540	82	1760	4453	2004	1	9	8823	335	273	1268	139	618	417	39	849	40	48	34	72	609	1273	750	128	11279893	11G	6	93	54	1	1	14	2	2	3	1	1	4	2	2	4	505	2	9	0	322	1132	75	142											
Tue Oct 15 15:07:57 CEST 2024	1728997677	14328	22868	1024	2659	3410	323	1354	529	1948	0	849	1035	1867	3013	8540	82	1760	4453	2036	1	9	8910	335	273	1310	139	618	417	39	849	40	48	34	72	609	1273	759	128	11257940	11G	6	93	54	1	1	14	2	2	3	1	1	4	2	2	4	505	2	9	0	612	1826	134	246	40	176	1	2							
Wed Oct 16 21:31:16 CEST 2024	1729107076	14535	23075	1022	2659	3546	323	1354	529	1973	0	849	1035	1908	3018	8540	84	1758	4453	2078	1	9	9077	337	310	1310	139	618	418	41	849	40	50	34	74	609	1273	757	128	7640811	7.3G	6	93	54	1	1	14	2	2	3	1	1	4	2	2	4	505	2	9	0	690	2188	138	252	42	178	2	3							
Fri Oct 18 07:49:47 CEST 2024	1729230587	14684	23224	1022	2659	3664	323	1354	529	2007	0	849	1035	1908	3015	8540	84	1758	4455	2088	1	9	9229	337	310	1307	139	618	418	41	849	40	50	34	74	609	1273	757	128	7648932	7.3G	6	93	54	1	1	14	2	2	3	1	1	4	2	2	4	505	2	9	0	707	2278	138	252	48	208	2	3							
Sat Oct 19 06:24:37 EDT 2024	1729333477	14673	23213	1022	2659	3639	323	1354	529	2015	0	849	1035	1912	3017	8540	84	1755	4455	2106	1	8	9207	339	314	1307	139	618	418	41	849	40	50	34	74	609	1272	762	128	7673749	7.4G	6	93	54	1	1	14	2	2	3	1	1	4	2	2	4	505	2	10	0	851	2994	142	260	48	208	3	9							
Mon Oct 21 09:34:28 EDT 2024	1729517668	15173	23713	1022	2659	3639	323	1354	529	2303	0	849	1035	1960	3181	8540	84	1755	4455	2112	1	8	9364	345	362	1307	139	618	418	41	849	41	50	34	74	609	1272	1050	128	7685086	7.4G	6	95	56	1	1	14	2	2	3	1	1	4	2	2	4	505	2	10	0	851	2994	142	260	48	208	3	9							
Wed Oct 23 16:00:41 EDT 2024	1729713641	15186	23726	1022	2659	3639	323	1354	529	2312	0	849	1035	1964	3181	8540	84	1755	4455	2116	1	8	9364	345	366	1307	139	618	418	41	849	41	50	34	74	609	1272	1059	128	7686871	7.4G	6	95	56	1	1	14	2	2	3	1	1	4	2	2	4	505	2	10	0	851	2994	142	260	48	208	3	9							
Fri Oct 25 12:26:54 EDT 2024	1729873614	15637	24177	1025	2659	3671	323	1354	529	2394	0	849	1035	2253	3229	8540	84	1758	4455	2150	1	8	9503	345	374	1307	139	618	418	39	849	41	50	34	74	609	1272	1364	128	7680610	7.4G	6	96	56	1	1	14	2	2	3	1	1	4	2	3	4	506	2	10	0	851	2994	142	260	48	208	3	8							
Sun Oct 27 10:03:49 EDT 2024	1730037829	15475	24015	1025	2659	3672	323	1354	529	1724	0	849	1035	2742	3247	8540	84	1758	4455	2175	1	8	9522	344	374	1304	141	618	418	39	849	41	50	34	74	609	1272	1187	121	7711889	7.4G	6	94	56	1	1	14	2	2	3	1	1	4	2	2	3	511	2	10	0	851	2994	142	260	48	208	3	8							
Mon Oct 28 12:24:37 EDT 2024	1730132677	15498	24038	1025	2659	3676	323	1354	529	1724	0	849	1035	2761	3247	8540	84	1758	4455	2192	1	8	9526	344	374	1304	141	618	418	39	849	41	50	34	74	609	1272	1208	121	7702219	7.4G	6	94	56	1	1	14	2	2	3	1	1	4	2	2	3	509	2	10	0	916	3210	153	288	64	240	3	8							
Tue Oct 29 16:44:55 EDT 2024	1730234695	15637	24177	1025	2659	3676	323	1354	529	1724	0	849	1035	2900	3247	8540	84	1758	4455	2218	1	8	9483	344	374	1304	141	618	418	39	849	41	50	34	74	609	1272	1390	121	7722617	7.4G	6	94	56	1	1	14	2	2	3	1	1	4	2	2	3	509	2	10	0	916	3210	153	288	64	240	3	8							
Wed Oct 30 17:48:34 EDT 2024	1730324914	15708	24248	1025	2659	3676	323	1354	529	1724	0	849	1035	2971	3247	8540	84	1758	4455	2235	1	8	9498	344	383	1304	141	618	418	39	849	41	50	34	74	609	1272	1437	121	7706321	7.4G	6	94	56	1	1	14	2	2	3	1	1	4	2	2	3	509	2	10	0	916	3210	153	288	64	240	3	8							
Fri Nov  1 13:36:30 EDT 2024	1730482590	15911	24451	1025	2659	3676	323	1354	529	1730	0	849	1035	3162	3253	8540	84	1758	4455	2254	1	8	9585	350	399	1304	141	618	418	39	849	41	50	34	74	609	1272	1531	121	7770468	7.5G	6	94	56	1	1	14	2	2	3	1	1	4	2	2	3	509	2	10	0	916	3210	153	288	64	240	3	8							
Sun Nov  3 15:24:36 EST 2024	1730665476	15952	24492	1034	2659	3676	323	1354	529	1730	0	849	1035	3173	3283	8540	84	1769	4455	2264	1	8	9585	350	399	1334	141	618	418	39	849	41	50	34	74	609	1272	1542	121	7786648	7.5G	6	94	56	1	1	14	2	2	3	1	1	4	2	2	3	509	2	10	0	916	3210	153	288	64	240	3	8							
Tue Nov  5 06:55:54 EST 2024	1730807754	15952	24492	1035	2659	3676	323	1354	529	1730	0	849	1035	3173	3283	8540	84	1770	4455	2271	1	8	9585	350	399	1334	141	618	418	39	849	41	50	34	74	623	1302	1542	121	7779986	7.5G	6	94	56	1	1	14	2	2	3	1	1	4	2	2	3	509	2	10	0	936	3311	157	294	70	254	3	8							
Wed Nov  6 10:14:53 EST 2024	1730906093	16061	24601	1037	2659	3676	323	1354	529	1730	0	849	1035	3263	3302	8540	84	1772	4455	2287	1	8	9604	350	399	1334	141	618	418	39	849	41	50	34	74	623	1302	1632	121	7751884	7.4G	6	94	56	1	1	14	2	2	3	1	1	4	2	2	3	509	2	10	0	936	3311	157	294	70	254	3	8							
Wed Nov 13 21:05:50 CET 2024	1731528350	16061	24601	1037	2659	3676	323	1354	529	1730	0	849	1035	3263	3302	8540	85	1772	4455	2291	1	8	9604	350	399	1334	141	618	418	39	849	41	50	35	75	623	1302	1632	121	7755583	7.4G	6	94	56	1	1	14	2	2	3	1	1	4	2	2	3	509	2	10	0	936	3311	157	294	70	254	3	8							
Mon Nov 18 21:16:27 CET 2024	1731960987	16089	24629	1037	2659	3668	323	1354	529	1730	0	849	1035	3299	3302	8540	85	1772	4455	2304	1	8	9603	350	420	1334	141	618	418	39	849	41	50	35	75	623	1302	1639	121	7802907	7.5G	6	94	56	1	1	14	2	2	3	1	1	4	2	2	3	510	2	10	0	936	3311	157	294	70	254	3	8							
Thu Nov 21 21:09:29 CET 2024	1732219769	16190	24730	1037	2659	3668	323	1354	529	1781	0	849	1035	3349	3302	8540	87	1772	4460	2338	1	8	9654	350	441	1334	141	618	418	39	849	41	50	37	76	623	1302	1658	121	7824442	7.5G	6	94	56	1	1	14	2	2	3	1	1	4	2	2	3	520	2	10	0	945	3327	157	294	70	254	3	8							
Fri Nov 22 23:14:27 CET 2024	1732313667	16300	24840	1037	2659	3668	323	1354	529	1781	0	849	1035	3459	3302	8540	87	1772	4460	2358	1	8	9654	350	462	1335	141	618	418	39	849	41	50	37	76	623	1302	1724	121	7803588	7.5G	6	95	56	1	1	14	2	2	3	1	1	4	2	2	3	542	3	10	0	945	3327	157	294	70	254	3	8							
Sun Nov 24 09:36:43 CET 2024	1732437403	16387	24927	1037	2659	3668	323	1354	529	1781	0	849	1035	3546	3302	8540	87	1772	4460	2364	1	8	9654	350	462	1335	141	618	418	39	849	41	50	37	76	623	1302	1808	121	7802278	7.5G	6	95	56	1	1	14	2	2	3	1	1	4	2	2	3	545	3	10	0	945	3327	157	294	70	254	3	8							
Mon Nov 25 22:17:41 CET 2024	1732569461	16422	24962	1037	2659	3668	323	1354	529	1781	0	849	1035	3581	3302	8540	87	1772	4460	2378	1	8	9654	350	474	1335	141	618	418	39	849	41	50	37	76	623	1302	1831	121	7804274	7.5G	6	95	56	1	1	14	2	2	3	1	1	4	2	2	3	545	3	10	0	945	3327	157	294	70	254	3	8							
Tue Nov 26 22:42:32 CET 2024	1732657352	16384	24924	1038	2659	3668	323	1354	529	1781	0	849	1035	3551	3294	8540	87	1772	4460	2401	1	8	9654	341	462	1335	141	618	419	39	849	41	50	37	76	699	1483	1813	121	7810633	7.5G	6	95	56	1	1	14	2	2	3	1	1	4	2	2	3	545	3	10	0	947	3329	157	294	70	254	3	8							
Thu Nov 28 11:51:54 CET 2024	1732791114	16606	25146	1038	2659	3668	323	1394	529	1771	0	849	1035	3841	3196	8540	88	1772	4460	2429	1	8	9684	341	473	1321	63	618	415	39	849	41	50	38	77	699	1483	2164	119	7851636	7.5G	6	93	56	1	1	13	1	2	3	1	1	4	2	2	3	473	3	10	0	947	3329	157	294	70	254	3	8							
Sun Dec  1 10:03:15 CET 2024	1733043795	16530	25070	1038	2659	3668	323	1394	529	1771	0	849	1035	3838	3123	8540	88	1772	4460	2437	1	8	9684	341	473	1327	63	618	415	39	849	41	50	38	77	740	1598	2161	40	7842949	7.5G	6	93	56	1	1	13	1	2	3	1	1	4	2	2	3	473	3	10	0	948	3331	157	294	70	254	3	8	118	188					
Sat Dec  7 14:24:32 CET 2024	1733577872	16538	25078	1038	2659	3668	323	1394	529	1771	0	849	1035	3838	3131	8540	88	1772	4460	2442	1	8	9688	341	473	1331	63	618	415	39	849	41	50	38	77	763	1652	2161	40	7816938	7.5G	6	93	56	1	1	13	1	2	3	1	1	4	2	2	3	473	3	10	0	952	3339	157	294	70	254	3	8	118	188					
Tue Dec 10 11:08:34 CET 2024	1733825314	16544	25084	1037	2659	3668	323	1394	529	1771	0	849	1035	3843	3132	8540	88	1770	4460	2454	1	8	9689	341	478	1331	63	618	415	39	849	41	50	38	77	812	1750	2161	40	7818541	7.5G	6	93	56	1	1	13	1	2	3	1	1	4	2	2	3	473	3	10	0	952	3345	157	294	70	254	3	8	119	189					
Mon Dec 16 13:35:10 CET 2024	1734352510	16544	25084	1038	2659	3668	323	1394	529	1771	0	849	1035	3843	3132	8540	88	1773	4460	2456	1	8	9689	341	478	1331	63	618	415	39	849	41	50	38	77	812	1750	2161	40	7828290	7.5G	6	93	56	1	1	13	1	2	3	1	1	4	2	2	3	473	3	10	0	952	3345	157	294	70	254	3	8	120	189					
Tue Dec 17 13:57:09 CET 2024	1734440229	16544	25084	1038	2659	3668	323	1394	529	1771	0	849	1035	3843	3132	8540	88	1773	4460	2460	1	8	9689	341	478	1331	63	618	415	39	849	41	50	38	77	812	1750	2161	40	7830121	7.5G	6	93	56	1	1	13	1	2	3	1	1	4	2	2	3	473	3	10	0	953	3349	157	294	70	254	3	8	120	189					
Wed Dec 18 19:28:42 CET 2024	1734546522	16584	25124	1038	2659	3668	323	1394	529	1771	0	849	1035	3848	3167	8540	88	1773	4460	2465	1	8	9689	341	478	1356	63	618	425	39	849	41	50	38	77	812	1750	2161	45	7888907	7.6G	6	98	56	1	1	14	1	2	3	1	2	4	2	4	4	473	3	10	0	953	3349	157	294	70	254	3	8	121	189					
Mon Dec 30 13:39:12 EET 2024	1735558752	16598	25138	1038	2659	3668	323	1394	529	1771	0	849	1035	3862	3167	8540	88	1773	4462	2470	1	8	9689	341	478	1370	63	618	425	39	849	41	50	38	77	812	1750	2161	45	7892500	7.6G	6	98	56	1	1	14	1	2	3	1	2	4	2	4	4	473	3	10	0	1003	3496	165	314	95	288	3	8	126	190					
Tue Dec 31 13:42:47 EET 2024	1735645367	16598	25138	1038	2659	3668	323	1394	529	1771	0	849	1035	3862	3167	8540	89	1773	4462	2478	1	8	9689	341	478	1370	63	618	425	39	849	41	50	39	78	812	1750	2161	45	7898101	7.6G	6	98	56	1	1	14	1	2	3	1	2	4	2	4	4	473	3	10	0	1028	3562	165	314	104	300	3	8	127	190					
Thu Jan  2 12:12:27 EET 2025	1735812747	16616	25156	1038	2659	3668	323	1394	529	1771	0	849	1035	3862	3185	8540	89	1773	4462	2480	1	8	9689	359	478	1370	63	618	425	39	849	41	50	39	78	812	1750	2161	45	7898116	7.6G	6	98	56	1	1	14	1	2	3	1	2	4	2	4	4	473	3	10	0	1028	3562	165	314	104	300	3	8	128	190					
Wed Jan  8 13:24:14 EET 2025	1736335454	16616	25156	1038	2659	3668	323	1394	529	1771	0	849	1035	3862	3185	8540	90	1773	4463	2485	1	8	9689	359	478	1370	63	618	425	39	849	41	51	39	79	812	1750	2161	45	7903103	7.6G	6	98	56	1	1	14	1	2	3	1	2	4	2	4	4	473	3	11	0	1050	3697	165	314	117	320	4	9	128	190					
Mon Jan 13 17:06:05 EET 2025	1736780765	16627	25167	1038	2659	3668	323	1394	529	1771	0	849	1035	3862	3196	8540	90	1773	4465	2491	1	8	9690	359	478	1363	63	618	425	44	849	41	51	39	79	812	1750	2161	57	7909569	7.6G	6	99	56	1	1	14	1	2	3	1	2	4	2	4	5	473	3	11	0	1100	4245	168	318	125	344	4	9	129	190					
Wed Jan 15 11:33:32 EET 2025	1736933612	16632	25172	1038	2659	3673	323	1394	529	1771	0	849	1035	3862	3196	8540	93	1773	4465	2506	1	9	9695	359	478	1363	63	618	425	44	849	41	53	40	82	812	1750	2161	57	7923619	7.6G	6	99	56	1	1	14	1	2	3	1	2	4	2	4	5	473	3	11	0	1129	4417	173	346	127	346	8	13	129	190					
Mon Jan 20 18:15:15 CET 2025	1737393315	16632	25172	1038	2659	3673	323	1394	529	1771	0	849	1035	3862	3196	8540	94	1773	4465	2512	1	9	9695	359	478	1363	63	618	425	44	849	41	53	41	83	812	1750	2161	57	7931094	7.6G	6	99	56	1	1	14	1	2	3	1	2	4	2	4	5	473	3	11	0	1142	4492	173	346	127	346	9	16	129	190					
Sat Jan 25 09:36:53 CET 2025	1737794213	16632	25172	1038	2659	3673	323	1394	529	1771	0	849	1035	3862	3196	8540	96	1773	4465	2519	1	9	9695	359	478	1363	63	618	425	44	849	41	54	42	85	812	1750	2161	57	7936886	7.6G	6	99	56	1	1	14	1	2	3	1	2	4	2	4	5	473	3	11	0	1142	4492	173	346	127	346	9	16	129	190					
Sat Jan 25 10:12:38 CET 2025	1737796358	16632	25172	1038	2659	3673	323	1394	529	1771	0	849	1035	3862	3196	8540	96	1773	4465	2522	1	9	9695	359	478	1363	63	618	425	44	849	41	54	42	85	812	1750	2161	57	7939681	7.6G	6	99	56	1	1	14	1	2	3	1	2	4	2	4	5	473	3	11	0	1172	4564	173	346	134	364	12	19	129	190					
Sun Jan 26 11:08:27 CET 2025	1737886107	16632	25172	1038	2659	3673	323	1394	529	1771	0	849	1035	3862	3196	8540	97	1773	4465	2527	1	9	9695	359	478	1363	63	618	425	44	849	41	55	42	86	812	1750	2161	57	7943985	7.6G	6	99	56	1	1	14	1	2	3	1	2	4	2	4	5	473	3	11	0	1195	4683	175	348	136	366	12	19	129	190					
Sun Jan 26 12:32:08 CET 2025	1737891128	16722	25262	1038	2659	3729	323	1394	529	1777	0	849	1035	3867	3219	8540	97	1773	4465	2534	1	9	9759	359	483	1384	63	618	425	44	849	41	55	42	86	812	1750	2161	57	7900338	7.6G	6	99	56	1	1	14	1	2	3	1	2	4	2	4	5	473	3	11	0	1195	4683	175	348	136	366	12	19	130	190	37	37			
Thu Jan 30 08:50:19 CET 2025	1738223419	16874	25414	1038	2659	3778	323	1394	529	1852	0	849	1035	3895	3219	8540	97	1773	4465	2545	1	9	9891	359	483	1384	63	618	425	44	849	41	55	42	86	812	1750	2180	57	7912724	7.6G	6	99	56	1	1	14	1	2	3	1	2	4	2	4	5	474	3	11	0	1200	4699	176	350	136	366	12	19	131	190	112	129			
Sun Feb 16 09:12:20 CET 2025	1739693540	16874	25414	1038	2659	3778	323	1394	529	1852	0	849	1035	3895	3219	8540	98	1773	4465	2549	1	9	9891	359	483	1384	63	618	425	44	849	41	56	42	87	812	1750	2180	57	7897346	7.6G	6	99	56	1	1	14	1	2	3	1	2	4	2	4	5	474	3	11	0	1200	4699	176	350	136	366	12	19	133	190	112	129			
Mon Feb 17 09:24:27 CET 2025	1739780667	16899	25439	1039	2659	3778	323	1394	529	1852	0	849	1035	3920	3219	8540	100	1774	4469	2567	1	9	9891	359	487	1384	63	618	425	44	849	41	56	44	88	812	1750	2201	57	7911400	7.6G	6	99	56	1	1	14	1	2	3	1	2	4	2	4	5	474	3	12	0	1243	4890	176	350	165	404	14	22	133	190	280	307			
Tue Feb 18 11:42:44 CET 2025	1739875365	16899	25439	1039	2659	3778	323	1394	529	1852	0	849	1035	3920	3219	8540	100	1774	4469	2575	1	9	9891	359	487	1384	63	618	425	44	849	41	56	44	88	812	1750	2201	57	7916918	7.6G	6	99	56	1	1	14	1	2	3	1	2	4	2	4	5	474	3	12	0	1245	4894	176	350	165	404	14	22	135	190	426	458			
Wed Feb 19 12:37:06 CET 2025	1739965027	16897	25437	1039	2659	3786	323	1394	529	1843	0	849	1035	3917	3221	8540	102	1774	4469	2600	1	9	9890	359	487	1383	65	618	425	44	849	41	58	44	90	812	1750	2210	57	7936242	7.6G	6	98	56	1	1	14	1	2	3	1	2	4	2	4	5	463	2	13	0	1310	5096	177	352	165	404	14	22	137	190	1095	1134			
Thu Feb 20 12:43:49 CET 2025	1740051829	17117	25657	1039	2659	3876	323	1394	529	1944	0	849	1035	3944	3223	8540	102	1774	4469	2625	1	9	10081	360	496	1376	66	618	425	44	849	41	58	44	90	812	1750	2234	57	7952398	7.6G	6	98	56	1	1	14	1	2	3	1	2	4	2	4	5	464	2	13	0	1345	5160	177	352	165	404	14	22	135	195	1230	1290			
Fri Feb 21 21:35:53 CET 2025	1740170153	17324	25864	1039	2658	3931	323	1394	620	2000	0	849	1035	3949	3223	8540	102	1774	4468	2638	1	9	10283	360	501	1376	66	618	425	44	849	41	58	44	90	812	1750	2234	57	8072920	7.7G	6	98	56	1	1	14	1	2	3	1	2	4	2	4	5	464	2	13	0	1350	5170	177	352	165	404	15	23	138	194	1418	1490			
Sun Feb 23 09:09:30 CET 2025	1740298170	17328	25868	1039	2658	3931	323	1394	620	2000	0	849	1035	3953	3223	8540	102	1774	4468	2642	1	9	10283	360	501	1376	66	618	425	44	849	41	58	44	90	812	1750	2238	57	7942284	7.6G	6	98	56	1	1	14	1	2	3	1	2	4	2	4	5	464	2	13	0	1350	5170	177	352	165	404	15	23	138	194	1418	1490			
Sun Feb 23 10:58:38 CET 2025	1740304718	17281	25821	1040	2658	3931	323	1394	620	2000	0	849	1035	3953	3176	8540	103	1775	4468	2650	1	9	10283	360	501	1329	66	618	425	44	849	41	59	44	91	812	1750	2238	57	7950840	7.6G	6	98	56	1	1	14	1	2	3	1	2	4	2	4	5	464	2	13	0	1412	5323	177	352	167	406	16	24	138	194	1877	1998			
Mon Feb 24 17:05:25 CET 2025	1740413125	17500	26040	1040	2658	3931	323	1394	620	2000	0	849	1035	4173	3175	8540	103	1775	4468	2658	1	9	10283	359	509	1339	66	618	425	44	849	41	59	44	91	812	1750	2409	57	7951533	7.6G	6	101	56	1	1	14	1	2	3	1	2	4	2	6	5	495	3	13	0	1412	5323	177	352	167	406	16	24	138	198	1877	1998			
Wed Feb 26 15:33:33 CET 2025	1740580413	17611	26151	1040	2658	3931	323	1394	620	2000	0	849	1035	4284	3175	8540	103	1775	4468	2668	1	9	10283	359	517	1339	66	618	425	44	849	41	59	44	91	812	1750	2505	57	7958554	7.6G	6	101	56	1	1	14	1	2	3	1	2	4	2	6	5	502	3	13	0	1412	5323	177	352	167	406	16	24	137	199	1877	1998			
Thu Feb 27 16:25:39 CET 2025	1740669939	17644	26184	1040	2658	3958	323	1394	620	2006	0	849	1035	4284	3175	8540	105	1775	4468	2682	1	9	10316	359	517	1339	66	618	425	44	849	41	59	46	93	812	1750	2505	57	7985466	7.7G	6	101	56	1	1	14	1	2	3	1	2	4	2	6	5	502	3	13	0	1412	5323	177	352	167	406	16	24	136	204	1877	1998			
Fri Feb 28 08:22:39 CET 2025	1740727359	17738	26278	1040	2658	3960	383	1394	620	2009	0	849	1035	4303	3185	8540	105	1775	4468	2699	1	9	10381	359	517	1358	66	618	434	44	849	42	59	46	93	812	1750	2505	57	8046376	7.7G	6	101	56	1	1	14	1	2	3	1	2	4	2	6	5	502	3	13	0	1412	5323	177	352	167	406	16	24	132	211	1877	1998			
Sat Mar  1 21:37:48 CET 2025	1740861468	17916	26456	1040	2658	3960	383	1394	620	2009	0	849	1035	4466	3200	8540	105	1775	4468	2710	1	9	10540	359	521	1358	66	633	434	44	849	42	59	46	93	812	1750	2505	57	7930827	7.6G	6	102	56	1	1	14	1	3	3	1	2	4	2	6	5	502	3	13	0	1412	5323	177	352	167	406	16	24	134	212	1877	1998			
Wed Mar  5 15:02:07 CET 2025	1741183327	18139	26679	1040	2658	3960	383	1394	734	2009	0	849	1035	4565	3210	8540	105	1775	4468	2741	1	9	10674	359	562	1371	66	633	434	44	849	42	59	46	93	812	1750	2540	57	7309370	7.0G	6	104	56	1	1	14	1	3	3	1	2	4	2	8	5	502	3	13	0	1412	5323	177	352	167	406	16	24	145	215	1877	1998			
Fri Mar 21 11:15:12 CET 2025	1742552112	17761	26282	1040	2658	3960	383	1394	697	3411	0	849	1035	2358	3450	8521	105	1775	4468	2781	1	9	10418	206	575	1261	66	652	446	53	849	45	59	46	93	812	1750	2540	115	8183499	7.9G	6	109	54	1	1	16	1	2	3	1	2	4	2	8	11	529	3	13	0	1412	5323	177	352	167	406	16	24	157	217	1877	1998	224		
Sat Mar 22 07:43:50 CET 2025	1742625830	17397	25918	1040	2658	3885	373	1372	638	1695	0	849	972	4267	3310	8521	107	1775	4474	2822	1	9	10127	199	579	1192	66	635	427	53	849	45	61	46	95	812	1750	2636	59	8196768	7.9G	6	64	24	1	1	13	1	2	3	1	2	4	2	4	3	524	3	17	0	1502	5658	181	360	269	634	22	32	135	242	1877	1999	36		
Mon Mar 24 11:07:07 CET 2025	1742810827	17446	25967	1040	2658	3839	373	1372	638	1695	0	849	972	4368	3304	8521	107	1775	4474	2833	1	9	10081	199	584	1192	66	629	427	53	849	45	61	46	95	812	1750	2718	59	6822818	6.6G	6	65	24	1	1	13	1	2	3	1	2	4	2	5	3	538	3	17	0	1502	5658	181	360	269	634	22	32	143	243	1877	1999	36		
Sat Mar 29 15:26:35 CET 2025	1743258395	17466	25987	1040	2658	3869	373	1372	638	1695	0	849	972	4376	3286	8521	107	1775	4474	2849	1	9	10081	199	611	1222	66	611	427	53	849	45	61	46	95	812	1750	2704	59	7304255	7.0G	6	67	24	1	1	14	1	2	3	1	2	4	2	6	3	533	3	17	0	1502	5658	181	360	269	634	22	32	143	246	1877	1999	36		
Sun Mar 30 20:42:58 CEST 2025	1743360178	17467	25988	1036	2658	3870	373	1372	638	1695	0	849	972	4364	3298	8521	108	1762	4482	2877	2	10	10082	210	619	1223	66	611	427	53	849	45	62	46	96	813	1752	2685	59	8130853	7.8G	6	67	24	1	1	14	1	2	3	1	2	4	2	6	3	532	3	18	0	1588	5982	183	362	298	686	22	32	132	260	1877	2000	36		
Fri Apr  4 17:36:11 CEST 2025	1743780971	17467	25988	1036	2657	3870	373	1372	638	1695	0	849	972	4364	3298	8521	113	1758	4493	2889	2	11	10082	210	619	1223	66	611	427	53	849	45	65	48	101	813	1752	2685	59	8038589	7.7G	6	67	24	1	1	14	1	2	3	1	2	4	2	6	3	532	3	19	0	1659	6339	189	378	339	774	31	44	142	262	1885	2008	36		
Sat Apr  5 20:49:26 CEST 2025	1743878966	17643	26164	1036	2657	3870	373	1372	638	1695	0	849	972	4435	3403	8521	113	1758	4495	2912	2	12	10188	210	631	1223	66	611	426	53	849	45	65	48	101	813	1752	2708	59	8110409	7.8G	6	70	24	1	1	14	1	2	3	1	2	4	2	8	3	568	4	19	0	1710	6630	195	391	373	836	31	44	139	267	1887	2010	36		
Mon Apr  7 20:14:58 CEST 2025	1744049698	18098	26619	1036	2657	3870	373	1372	678	1695	0	849	972	4676	3428	8521	113	1758	4495	2945	2	12	10380	225	633	1223	66	611	433	53	849	45	65	48	101	813	1752	2944	59	8116277	7.8G	6	71	25	1	1	14	1	2	3	1	2	4	2	8	3	571	4	19	0	1710	6630	195	391	373	836	31	44	146	268	1887	2010	185		
Fri Apr 11 23:35:04 CEST 2025	1744407304	18220	26741	1036	2657	3870	373	1372	678	1695	0	849	972	4946	3429	8521	113	1758	4495	2954	2	12	10231	225	652	1223	66	611	433	53	849	45	65	48	101	813	1752	3196	60	7424680	7.1G	6	72	24	1	1	14	1	2	3	1	2	4	2	10	3	570	4	19	0	1710	6630	195	391	373	836	31	44	144	273	1887	2010	36		
Sun Apr 13 20:18:56 CEST 2025	1744568336	18220	26741	1035	2657	3870	373	1372	678	1695	0	849	972	4946	3429	8521	116	1755	4495	2962	2	12	10231	225	652	1223	66	611	433	53	849	45	67	49	103	813	1752	3196	60	8056986	7.7G	6	72	24	1	1	14	1	2	3	1	2	4	2	10	3	570	4	20	0	1742	6773	202	407	434	936	33	46	145	274	1889	2012	36		
Sun May  4 18:11:45 CEST 2025	1746375105	18226	26747	1033	2658	3874	373	1372	678	1695	0	849	972	4948	3429	8521	125	1752	4508	2983	2	13	10235	225	652	1223	66	611	433	53	849	45	73	52	111	813	1752	3199	60	8122323	7.8G	6	72	24	1	1	14	1	2	3	1	2	4	2	10	3	569	4	24	0	1794	7230	202	407	460	1006	33	46	150	276	1890	2013	36		
Tue May 13 10:56:46 EEST 2025	1747123006	18186	26707	1033	2660	3877	373	1372	678	1695	0	849	972	4948	3386	8521	133	1753	4513	3006	2	13	10238	225	652	1225	66	566	433	53	849	45	78	55	116	814	1753	3199	60	7731201	7.4G	6	72	24	1	1	14	1	2	3	1	2	4	2	10	3	569	4	25	0	1802	7252	202	407	463	1010	33	46	149	277	1895	2021	36		
Wed May 14 15:48:21 EEST 2025	1747226901	19396	27917	1033	2660	3877	373	1372	678	1658	0	849	972	5689	3892	8521	142	1753	4513	3059	2	13	10201	218	652	1260	95	566	460	468	849	46	80	62	123	814	1753	3940	62	8405586	8.1G	10	75	24	1	1	15	1	2	3	1	3	4	2	11	3	569	4	25	0	1802	7252	202	407	463	1010	33	46	146	282	1895	2021	36		
Thu May 15 15:02:01 EEST 2025	1747310521	19403	27924	1033	2660	3835	373	1372	678	1642	0	849	972	5755	3891	8521	0	1753	4512	3087	2	16	10174	219	652	1248	100	566	451	471	849	46	0	0	0	814	1753	3986	62	8426172	8.1G	10	78	24	1	1	15	1	2	3	1	4	4	4	11	3	569	4	29	0	1821	7319	205	419	470	1036	33	46	145	285	1895	2021	36		
Sat May 17 19:48:19 EEST 2025	1747500499	19403	27924	1033	2660	3834	373	1372	678	1642	0	849	972	5755	3892	8521	0	1753	4512	3093	2	16	10174	219	652	1248	100	566	451	471	849	46	0	0	0	814	1753	3986	62	8442756	8.1G	10	78	24	1	1	15	1	2	3	1	4	4	4	11	3	569	4	29	0	1831	7392	205	419	473	1042	34	47	146	287	1895	2021	36		
Tue May 20 11:40:34 EEST 2025	1747730434	19514	28035	1033	2660	3873	373	1385	680	1649	0	849	972	5302	4394	8521	0	1753	4512	3140	2	16	10239	204	652	1249	100	548	435	471	849	45	0	0	0	814	1752	4081	62	8315831	8.0G	10	82	29	1	1	15	1	2	3	1	4	4	3	11	3	569	4	29	0	1831	7392	205	419	473	1042	34	47	133	306	1895	2021	37		
Fri May 23 19:37:42 EEST 2025	1748018262	19630	28151	1033	2660	3873	373	1385	680	1658	0	849	972	5383	4420	8521	0	1753	4512	3170	2	16	10270	204	652	1249	100	548	435	471	849	47	0	0	0	814	1752	4162	62	8380934	8.0G	12	87	29	1	1	15	1	2	3	2	4	4	3	15	3	569	4	29	0	1831	7392	205	419	473	1042	34	47	134	307	1895	2021	37		
Tue May 27 09:58:14 EEST 2025	1748329094	19768	28289	1033	2660	3873	373	1385	680	1658	0	849	972	5513	4428	8521	0	1753	4512	3187	2	16	10270	204	652	1249	108	548	435	471	849	47	0	0	0	814	1752	4296	62	8377552	8.0G	12	91	29	1	1	15	1	2	3	2	4	4	3	19	3	565	4	29	0	1831	7392	205	419	473	1042	34	47	131	311	1895	2021	37		
Wed May 28 14:21:02 EEST 2025	1748431262	19870	28391	1033	2660	3873	373	1385	680	1658	0	849	972	5615	4428	8521	0	1753	4512	3220	2	16	10270	204	652	1249	108	548	435	471	849	47	0	0	0	814	1752	4398	62	8348453	8.0G	12	91	29	1	1	15	1	2	3	2	4	4	3	19	3	565	4	29	0	1831	7392	205	419	473	1042	34	47	130	315	1895	2021	37		
Thu May 29 16:46:59 EEST 2025	1748526419	20264	28785	1033	2660	3939	374	1392	711	1706	0	849	994	5774	4488	8521	0	1753	4512	3240	2	16	10498	217	652	1249	108	542	434	471	849	48	0	0	0	814	1752	4557	62	8371831	8.0G	12	103	39	1	1	15	1	2	3	2	4	4	3	21	3	565	4	29	0	1831	7392	205	419	473	1042	34	47	129	318	1895	2021	37		
Sat May 31 14:28:35 EEST 2025	1748690915	20537	29058	1033	2660	4018	374	1407	720	1769	0	849	1017	5774	4572	8521	0	1753	4512	3265	2	16	10782	251	652	1260	107	495	426	471	849	48	0	0	0	814	1752	4557	62	8325106	8.0G	12	109	40	1	1	20	1	2	3	2	4	4	3	21	3	565	4	29	0	1832	7394	205	419	473	1042	34	47	127	320	1895	2021	37		
Mon Jun  2 08:52:27 EEST 2025	1748843547	20795	29316	1033	2660	4018	374	1407	720	1769	0	849	1017	5997	4607	8521	0	1753	4512	3279	2	16	10782	251	652	1235	107	564	417	471	849	48	0	0	0	814	1752	4780	62	8329363	8.0G	12	110	40	1	1	19	1	2	3	2	4	4	3	23	3	565	4	29	0	1832	7394	205	419	473	1042	34	47	125	323	1895	2021	37		
Tue Jun  3 11:35:15 EEST 2025	1748939715	21050	29571	1033	2660	4018	374	1407	720	1769	0	849	1017	6069	4659	8521	0	1753	4512	3303	2	16	10963	250	652	1238	107	564	417	471	849	48	0	0	0	814	1752	4852	62	8335355	8.0G	12	113	42	1	1	19	1	2	3	2	4	4	3	24	3	565	4	29	0	1832	7394	205	419	473	1042	34	47	125	325	1895	2021	37	131	
Wed Jun  4 17:24:46 EEST 2025	1749047086	20986	20986	1033	2660	4018	374	1407	720	1769	0	849	1017	6069	4595	0	0	1753	4512	3306	2	16	10963	250	652	1173	107	565	417	471	849	48	0	0	0	814	1752	4852	62	8335428	8.0G	12	113	42	1	1	19	1	2	3	2	4	4	3	24	3	565	4	29	0	1832	7394	205	419	473	1042	34	47	124	326	1895	2021	37	131	
Thu Jun  5 10:19:59 EEST 2025	1749107999	20986	20986	1033	2660	4018	374	1407	720	1769	0	849	1017	6069	4595	0	0	1753	4512	3308	2	16	10964	250	652	1172	107	565	417	471	849	48	0	0	0	814	1752	4852	62	8335490	8.0G	12	113	42	1	1	19	1	2	3	2	4	4	3	24	3	565	4	29	0	1832	7394	205	419	473	1042	34	47	127	326	1895	2021	37	131	
Fri Jun  6 11:17:27 EEST 2025	1749197847	21176	21176	1033	2660	4018	374	1407	720	1769	0	849	1017	6221	4633	0	0	1753	4512	3325	2	16	11004	250	658	1161	107	574	417	471	849	48	0	0	0	814	1752	4997	62	8339985	8.0G	12	112	42	1	1	18	1	2	3	2	4	4	3	24	3	566	4	29	0	1832	7394	205	419	473	1042	34	47	127	327	1895	2021	37	131	
Sat Jun  7 20:30:23 EEST 2025	1749317423	21328	21328	1033	2660	4018	374	1407	720	1733	0	849	1017	6366	4676	0	0	1753	4512	3351	2	16	11012	246	642	1125	141	579	417	471	849	48	0	0	0	814	1752	5156	62	8347849	8.0G	12	117	42	1	5	17	1	2	3	2	4	4	3	26	3	568	4	29	0	1832	7394	205	419	473	1042	34	47	129	327	1895	2021	37	131	
Mon Jun  9 20:31:32 CEST 2025	1749493892	21333	21333	1033	2660	4018	374	1407	720	1733	0	849	1017	6386	4661	0	0	1753	4512	3360	2	16	11012	246	654	1125	141	564	417	471	849	48	0	0	0	814	1752	5169	62	8351201	8.0G	12	117	42	1	5	17	1	1	3	2	4	4	3	27	3	563	4	29	0	1832	7394	205	419	473	1042	34	47	130	327	1895	2021	37	131	
Tue Jun 10 22:05:00 CEST 2025	1749585900	21499	21499	1033	2660	4018	374	1407	720	1733	0	849	1017	6453	4760	0	0	1753	4512	3378	2	16	11013	246	685	1125	239	564	417	471	849	48	0	0	0	814	1752	5205	62	8358241	8.0G	12	118	42	1	6	17	1	1	3	2	4	4	3	27	3	563	4	29	0	1832	7394	205	419	473	1042	34	47	130	328	1895	2021	37	131	
Wed Jun 11 22:23:41 CEST 2025	1749673421	21812	21812	1033	2659	4018	374	1407	720	1733	0	849	1017	6766	4760	0	0	1753	4512	3399	2	16	11013	246	727	1125	239	564	417	471	849	48	0	0	0	813	1750	5456	62	8342944	8.0G	12	120	42	1	7	17	1	1	3	2	4	4	3	28	3	583	4	31	0	1837	7446	205	419	473	1042	34	47	132	328	1895	2021	37	131	
Sat Jul  5 16:12:02 CEST 2025	1751724722	21972	21972	1033	2659	4030	374	1407	720	1733	0	849	1017	6839	4835	0	0	1753	4512	3424	2	16	11012	247	750	1212	239	564	417	471	849	48	0	0	0	813	1750	5507	62	9060542	8.7G	12	121	42	1	7	18	1	1	3	2	4	4	3	28	3	582	4	31	0	1837	7446	205	419	473	1042	34	47	133	332	1895	2021	37	131	
Mon Jul  7 07:19:24 CEST 2025	1751865564	21965	21965	1033	2659	4030	374	1407	720	1733	0	849	1017	6839	4865	0	0	1753	4512	3429	2	16	11042	247	750	1175	239	564	417	471	849	48	0	0	0	813	1750	5507	62	8814110	8.5G	12	120	42	1	7	17	1	1	3	2	4	4	3	28	3	582	4	31	0	1837	7446	205	419	473	1042	34	47	132	333	1895	2021	0	131	
Fri Jul 11 15:41:39 CEST 2025	1752241299	21967	21967	1033	2659	3987	374	1407	720	1733	0	849	1017	6839	4910	0	0	1753	4512	3436	2	16	11042	238	750	1131	239	564	417	471	849	105	0	0	0	813	1750	5507	60	8764148	8.4G	12	119	42	1	7	16	1	1	3	2	4	4	3	28	3	582	4	31	0	1837	7446	205	419	473	1042	34	47	132	333	1895	2021	0	131	
Sat Jul 12 13:38:45 CEST 2025	1752320325	22127	22127	1033	2659	3987	374	1407	720	1733	0	849	1017	6989	4920	0	0	1753	4512	3448	2	16	11042	238	754	1131	239	564	418	471	849	105	0	0	0	813	1750	5653	69	8773815	8.4G	12	122	42	1	7	16	1	1	3	2	4	4	3	30	4	582	4	31	0	1837	7446	205	419	473	1042	34	47	132	333	1895	2021	0	131	
Sun Jul 13 17:06:39 CEST 2025	1752419199	22177	22177	1033	2659	3987	374	1407	720	1733	0	849	1017	7039	4920	0	0	1753	4512	3467	2	16	11042	238	761	1131	239	564	418	471	849	105	0	0	0	813	1750	5696	69	8779033	8.4G	12	122	42	1	7	16	1	1	3	2	4	4	3	30	4	582	4	31	0	1837	7446	205	419	473	1042	34	47	130	336	1895	2021	0	131	
Tue Jul 15 11:41:31 CEST 2025	1752572491	22146	22146	1033	2659	3987	374	1407	720	1774	0	849	1017	7042	4845	0	0	1753	4512	3480	2	16	11083	238	762	1056	239	564	418	471	849	105	0	0	0	813	1750	5698	69	9133840	8.8G	12	121	42	1	7	15	1	1	3	2	4	4	3	30	4	582	4	31	0	1837	7446	205	419	473	1042	34	47	126	341	1895	2021	0	131	
Sat Jul 19 06:13:09 CEST 2025	1752898389	22163	22163	1033	2660	3987	374	1407	720	1774	0	849	1017	7059	4845	0	0	1753	4514	3492	2	21	11083	238	762	1056	239	564	418	471	849	105	0	0	0	813	1749	5715	69	9127376	8.8G	12	121	42	1	7	15	1	1	3	2	4	4	3	30	4	582	4	32	0	1842	7480	205	419	474	1052	35	48	123	344	1896	2022	0	131	
Wed Jul 23 08:19:53 CEST 2025	1753251593	22353	22353	1033	2660	3987	374	1407	720	1774	0	849	1017	7059	5035	0	0	1753	4514	3505	2	21	11098	238	757	1061	246	564	426	475	849	105	0	0	0	813	1749	5860	82	9135509	8.8G	12	124	42	1	7	15	1	1	3	2	4	4	3	32	5	580	4	32	0	1842	7480	205	419	474	1052	35	48	123	344	1896	2022	0	131	
Tue Aug  5 18:19:46 CEST 2025	1754410786	22357	22357	1033	2660	3987	374	1407	720	1774	0	849	1017	7059	5039	0	0	1753	4514	3513	2	21	11098	238	757	1061	246	564	430	475	849	105	0	0	0	813	1749	5860	82	9135600	8.8G	12	124	42	1	7	15	1	1	3	2	4	4	3	32	5	580	4	32	0	1842	7480	205	419	474	1052	35	48	127	345	1896	2022	0	131	
Thu Aug  7 08:12:18 CEST 2025	1754547138	22250	22250	1033	2660	3880	374	1407	720	1774	0	849	1017	7059	5039	0	0	1753	4516	3527	2	21	10991	238	757	1061	246	564	430	475	849	105	0	0	0	813	1749	5860	82	9130420	8.8G	12	124	42	1	7	15	1	1	3	2	4	4	3	32	5	580	4	32	0	1846	7494	205	419	476	1054	35	48	127	348	1896	2022	0	131	
Sat Aug  9 10:24:40 CEST 2025	1754727880	22014	22014	1033	2660	3603	374	1407	720	1774	0	849	1017	7059	5080	0	0	1753	4516	3568	2	21	10779	238	757	1037	246	564	430	475	849	105	0	0	0	813	1749	5860	82	9311243	8.9G	12	126	44	1	7	15	1	1	3	2	4	4	3	32	5	580	4	33	0	1846	7494	205	419	476	1054	35	48	126	350	1896	2022	0	131	
Mon Aug 11 10:04:05 CEST 2025	1754899445	22100	22100	1033	2660	3543	374	1407	720	1773	0	849	1017	7059	5227	0	0	1753	4516	3591	2	21	11324	213	757	603	246	564	430	475	849	105	0	0	0	813	1749	5860	82	9142922	8.8G	12	123	42	1	7	14	1	1	3	2	4	4	3	32	5	580	4	33	0	1846	7494	205	419	476	1054	35	48	135	352	1896	2022	0	131	
Tue Aug 12 20:45:44 CEST 2025	1755024347	21972	21972	1033	2660	3525	374	1407	720	1773	0	849	1017	7059	5117	0	0	1753	4516	3604	2	21	11259	212	757	604	246	564	430	475	849	42	0	0	0	813	1749	5860	82	9042363	8.7G	12	123	42	1	7	14	1	1	3	2	4	4	3	32	5	580	4	33	0	1846	7494	205	419	476	1054	35	48	134	355	1896	2022	0	131	
Thu Aug 14 08:08:01 CEST 2025	1755151684	21977	21977	1033	2660	3546	375	1411	722	1781	0	849	1020	7014	5126	0	0	1753	4516	3621	2	21	11313	212	757	604	246	564	425	475	849	42	0	0	0	813	1749	5815	83	9046319	8.7G	12	124	43	1	7	14	1	1	3	2	4	4	3	32	5	580	4	33	0	1846	7494	205	419	476	1054	35	48	136	354	1896	2022	0	133	
Fri Aug 15 09:37:03 CEST 2025	1755243426	21953	21953	1033	2660	3522	375	1411	722	1780	0	849	1020	7011	5130	0	0	1753	4516	3629	2	21	11292	212	757	604	246	564	425	475	849	42	0	0	0	813	1749	5812	83	9047078	8.7G	12	124	43	1	7	14	1	1	3	2	4	4	3	32	5	580	4	33	0	1846	7494	205	419	476	1054	35	48	137	354	1896	2022	0	133	
Sat Aug 16 07:46:18 CEST 2025	1755323178	21991	21991	1033	2660	3503	376	1413	722	1780	0	849	1024	7011	5180	0	0	1753	4516	3638	2	21	11318	212	757	604	246	576	425	475	849	42	0	0	0	813	1749	5812	83	9050402	8.7G	12	124	43	1	7	14	1	1	3	2	4	4	3	32	5	580	4	33	0	1846	7494	205	419	476	1054	35	48	137	355	1896	2022	0	133	
Sun Aug 17 12:18:20 EEST 2025	1755422300	21982	21982	1033	2660	3494	376	1413	722	1780	0	849	1024	7011	5180	0	0	1753	4516	3641	2	21	11309	212	757	604	246	576	425	475	849	42	0	0	0	813	1749	5812	83	9051060	8.7G	12	124	43	1	7	14	1	1	3	2	4	4	3	32	5	580	4	33	0	1846	7494	205	419	476	1054	35	48	137	355	1896	2022	0	133	
Tue Aug 19 14:52:35 EEST 2025	1755604355	21982	21982	1033	2660	3494	376	1413	722	1780	0	849	1024	7011	5180	0	0	1753	4516	3643	2	21	11309	212	757	604	246	576	425	475	849	42	0	0	0	813	1749	5812	83	9051084	8.7G	12	124	43	1	7	14	1	1	3	2	4	4	3	32	5	580	4	33	0	1846	7494	205	419	476	1054	35	48	137	355	1896	2022	0	133	
Sat Aug 23 09:38:17 EEST 2025	1755931097	21914	21914	1033	2660	3477	376	1413	722	1780	0	849	1024	6959	5181	0	0	1753	4516	3653	2	21	11292	212	757	605	246	576	425	475	849	42	0	0	0	813	1749	5760	83	9058155	8.7G	12	123	43	1	7	14	1	1	3	2	4	4	3	31	5	580	4	33	0	1846	7494	205	419	476	1054	35	48	138	356	1896	2022	0	133	
Sun Aug 24 18:22:14 EEST 2025	1756048934	21899	21899	1033	2660	3473	376	1413	722	1774	0	849	1024	6954	5181	0	0	1753	4516	3659	2	21	11282	212	757	605	246	576	425	475	849	42	0	0	0	813	1749	5755	83	9129387	8.8G	12	123	43	1	7	14	1	1	3	2	4	4	3	31	5	580	4	33	0	1846	7494	205	419	476	1054	35	48	138	356	1896	2022	0	133	
Mon Aug 25 19:16:34 EEST 2025	1756138594	21877	21877	1033	2660	3451	376	1413	722	1774	0	849	1024	6954	5181	0	0	1753	4516	3664	2	21	11260	212	757	605	246	576	425	475	849	42	0	0	0	813	1749	5755	83	9160933	8.8G	12	123	43	1	7	14	1	1	3	2	4	4	3	31	5	580	4	33	0	1846	7494	205	419	476	1054	35	48	140	356	1896	2022	0	133	
Wed Aug 27 07:49:28 EEST 2025	1756270168	21827	21827	1033	2660	3458	392	1356	722	1745	0	849	1024	6967	5181	0	0	1753	4516	3676	2	21	11196	212	758	605	246	576	425	476	849	42	0	0	0	813	1749	5767	83	9164961	8.8G	12	123	43	1	7	14	1	1	3	2	4	4	3	31	5	580	4	33	0	1846	7494	205	419	476	1054	35	48	135	361	1896	2022	0	133	
Fri Aug 29 09:30:55 EEST 2025	1756449055	21808	21808	1033	2660	3458	392	1356	722	1745	0	849	1024	6945	5184	0	0	1753	4516	3684	2	21	11196	212	758	605	246	576	426	478	849	42	0	0	0	811	1749	5745	83	9033130	8.7G	12	123	43	1	7	14	1	1	3	2	4	4	3	31	5	580	4	33	0	1846	7494	205	419	476	1054	35	48	134	362	1896	2022	0	133	
Sat Aug 30 20:39:44 EEST 2025	1756575584	21804	21804	1033	2660	3546	392	1356	722	1651	0	849	1024	6884	5247	0	0	1753	4516	3696	2	21	11259	212	758	605	245	576	421	478	849	42	0	0	0	811	1749	5684	83	9055328	8.7G	12	122	43	1	7	14	1	1	3	2	4	4	3	30	5	580	4	35	0	1849	7498	205	419	476	1054	35	48	134	364	1896	2022	0	133	
Mon Sep  1 09:50:28 EEST 2025	1756709428	22452	22452	1033	2660	3739	392	1356	855	1672	0	849	1024	7055	5377	0	0	1753	4516	3741	2	21	11746	215	765	605	245	576	410	478	849	42	0	0	0	811	1749	5830	83	9089897	8.7G	10	123	44	1	7	14	1	1	3	1	4	4	3	31	5	598	4	36	0	1849	7498	205	419	476	1054	35	48	142	365	1895	2021	0	133	1766
Tue Sep  2 12:25:07 EEST 2025	1756805107	22522	22522	1033	2660	3746	392	1356	856	1689	0	849	1024	7086	5391	0	0	1753	4516	3770	2	21	11783	215	782	605	245	576	410	478	849	42	0	0	0	811	1749	5825	83	9061911	8.7G	10	124	44	1	7	14	1	1	3	1	4	4	3	32	5	619	4	36	0	1849	7498	205	419	476	1054	35	48	142	369	1895	2021	0	133	1767
Wed Sep  3 17:36:35 EEST 2025	1756910195	23026	23026	1033	2660	3785	392	1356	856	1689	0	849	1024	7170	5392	0	0	1753	4516	3779	2	21	12203	215	777	605	245	576	410	478	849	42	0	0	0	811	1749	5915	83	9084693	8.7G	10	124	44	1	7	14	1	1	3	1	4	4	3	32	5	618	4	36	0	1849	7498	205	419	476	1054	35	48	142	369	1895	2021	0	513	1767
Thu Sep  4 09:13:00 EEST 2025	1756966380	23026	23026	1033	2660	3785	392	1356	856	1689	0	849	1024	7170	5392	0	0	1753	4516	3781	2	21	12203	215	777	605	245	576	410	478	849	42	0	0	0	811	1749	5915	83	9087252	8.7G	10	124	44	1	7	14	1	1	3	1	4	4	3	32	5	618	4	36	0	1849	7498	205	419	476	1054	35	48	141	370	1895	2021	0	513	1767
Fri Sep  5 16:50:07 EEST 2025	1757080207	23030	23030	1033	2660	3768	392	1356	856	1691	0	849	1024	7170	5411	0	0	1753	4516	3790	2	21	12202	215	777	605	245	581	410	478	849	42	0	0	0	811	1749	5915	83	9094194	8.7G	10	124	44	1	7	14	1	1	3	1	4	4	3	32	5	618	4	36	0	1849	7498	205	419	476	1054	35	48	141	372	1895	2021	0	513	1767
Sun Sep  7 07:14:43 EEST 2025	1757218483	22975	22975	1033	2660	3726	392	1356	856	1654	0	849	1024	7837	4768	0	0	1753	4516	3811	2	21	12160	215	770	605	245	581	402	478	849	44	0	0	0	811	1816	5915	83	8723581	8.7G	10	125	45	1	7	14	1	1	3	1	4	4	3	32	5	618	4	38	0	1849	7498	205	419	476	1054	35	48	140	374	1896	2022	0	513	1767
Mon Sep  8 07:49:21 EEST 2025	1757306961	23161	23161	1033	2660	3743	392	1356	863	1673	0	849	1024	7957	4791	0	0	1753	4516	3843	2	21	12214	215	809	605	245	581	410	478	849	44	0	0	0	811	1816	5979	104	9144295	8.8G	10	125	45	1	7	14	1	1	3	1	4	4	3	32	5	618	4	38	0	1849	7498	205	419	476	1054	35	48	134	380	1896	2022	0	513	1767
Tue Sep  9 13:09:45 EEST 2025	1757412586	23311	23311	1033	2660	3743	392	1356	880	1722	0	849	1024	8003	4829	0	0	1753	4516	3860	2	21	12309	215	808	605	254	581	410	478	849	44	0	0	0	811	1816	6026	104	9188672	8.8G	10	125	45	1	7	14	1	1	3	1	4	4	3	32	5	618	4	38	0	1849	7498	205	419	476	1054	35	48	134	381	1896	2022	0	513	1767
Wed Sep 10 20:28:35 EEST 2025	1757525315	23512	23512	1033	2660	3743	392	1356	880	1722	0	849	1024	8189	4844	0	0	1753	4516	3880	2	21	12325	215	818	605	254	581	410	478	849	44	0	0	0	811	1816	6201	104	9109311	8.7G	10	126	45	1	7	14	1	1	3	1	4	4	3	33	5	618	4	38	0	1851	7524	205	419	476	1054	35	48	134	382	1896	2022	0	513	1767
Thu Sep 11 20:52:32 EEST 2025	1757613152	24749	24749	1033	2660	3748	392	1356	880	1723	0	849	1024	9420	4844	0	0	1753	4516	3896	2	21	12331	215	819	605	254	581	410	478	849	44	0	0	0	811	1816	7431	104	9065137	8.7G	10	127	45	1	7	14	1	1	3	1	4	4	3	34	5	618	4	38	0	1851	7524	205	419	476	1054	35	48	134	383	1896	2022	0	513	1767
Sat Sep 13 07:49:49 EEST 2025	1757738989	24950	24950	1033	2660	3750	392	1356	880	1723	0	849	1024	9619	4844	0	0	1753	4516	3922	2	21	12333	215	823	605	254	581	410	478	849	44	0	0	0	811	1816	7626	104	9075444	8.7G	10	127	45	1	7	14	1	1	3	1	4	4	3	34	5	618	4	38	0	1851	7524	205	419	476	1054	35	48	150	385	1896	2022	0	513	1768
Sun Sep 14 11:07:37 CEST 2025	1757840857	25089	25089	1033	2660	3750	392	1356	880	1723	0	849	1024	9755	4847	0	0	1753	4516	3944	2	21	12333	215	823	605	254	584	410	478	849	44	0	0	0	811	1816	7762	104	9067308	8.7G	10	127	45	1	7	14	1	1	3	1	4	4	3	34	5	618	4	38	0	1851	7524	205	419	476	1054	35	48	150	387	1896	2022	0	513	1771
Mon Sep 15 10:14:04 CEST 2025	1757924044	25295	25295	1033	2660	3758	392	1356	886	1723	0	849	1024	9947	4847	0	0	1753	4518	3979	2	21	12347	215	823	605	254	584	410	478	849	44	0	0	0	811	1816	7954	104	9088833	8.7G	10	128	45	1	7	14	1	1	3	1	4	4	3	35	5	618	4	38	0	1851	7524	205	419	477	1058	35	48	149	392	1896	2022	0	513	1771
Tue Sep 16 09:06:24 CEST 2025	1758006384	25439	25439	1033	2660	3758	392	1356	886	1723	0	849	1024	10091	4847	0	0	1753	4518	3984	2	21	12347	215	827	605	254	584	410	478	849	44	0	0	0	811	1816	8094	104	9099916	8.7G	10	128	45	1	7	14	1	1	3	1	4	4	3	35	5	618	4	38	0	1851	7524	205	419	477	1058	35	48	150	392	1896	2022	0	513	1771
Wed Sep 17 07:13:22 CEST 2025	1758086002	25510	25510	1033	2660	3758	392	1356	886	1723	0	849	1024	10162	4847	0	0	1753	4518	3998	2	21	12347	215	827	605	254	584	410	478	849	44	0	0	0	811	1816	8165	104	9089586	8.7G	10	128	45	1	7	14	1	1	3	1	4	4	3	35	5	618	4	38	0	1852	7539	205	419	477	1058	35	48	148	395	1896	2022	0	513	1771
Thu Sep 18 06:36:05 CEST 2025	1758170165	25510	25510	1033	2660	3758	392	1356	886	1723	0	849	1024	10162	4847	0	0	1753	4518	4000	2	21	12347	215	827	605	254	584	410	478	849	44	0	0	0	811	1816	8165	104	9090273	8.7G	10	128	45	1	7	14	1	1	3	1	4	4	3	35	5	618	4	38	0	1852	7539	205	419	477	1058	35	48	148	395	1896	2022	0	513	1771
Fri Sep 19 08:04:34 CEST 2025	1758261874	25680	25680	1033	2660	3758	392	1356	886	1717	0	849	1024	10311	4874	0	0	1753	4518	4018	2	21	12341	215	837	605	254	584	410	478	849	44	0	0	0	811	1816	8319	110	9119710	8.7G	16	132	45	1	7	14	1	1	3	2	4	4	3	38	5	618	4	38	0	1852	7539	205	419	477	1058	35	48	149	396	1896	2022	0	513	1771
Sat Sep 20 10:28:07 CEST 2025	1758356887	25674	25674	1033	2660	3758	392	1356	886	1717	0	849	1024	10304	4875	0	0	1753	4518	4025	2	21	12341	215	852	605	254	584	410	478	849	44	0	0	0	811	1816	8299	110	9128416	8.8G	16	132	45	1	7	14	1	1	3	2	4	4	3	38	5	617	4	38	0	1852	7539	205	419	477	1058	35	48	149	396	1896	2022	0	513	1771
Sun Sep 21 09:37:50 CEST 2025	1758440270	25719	25719	1033	2660	3804	392	1356	886	1716	0	849	1024	10304	4875	0	0	1753	4518	4031	2	21	12386	215	852	605	254	584	410	478	849	44	0	0	0	811	1816	8299	110	9096337	8.7G	16	132	45	1	7	14	1	1	3	2	4	4	3	38	5	617	4	38	0	1852	7539	205	419	477	1058	35	48	148	397	1896	2022	0	513	1770
Mon Sep 22 06:49:55 CEST 2025	1758516595	25749	25749	1032	2658	3834	392	1356	886	1716	0	849	1024	10304	4875	0	0	1751	4518	4041	2	21	12416	215	852	605	254	584	410	478	849	44	0	0	0	810	1812	8299	110	9111555	8.7G	16	132	45	1	7	14	1	1	3	2	4	4	3	38	5	617	4	38	0	1849	7486	205	419	477	1058	35	48	148	398	1894	2020	0	513	1773
Tue Sep 23 08:12:06 CEST 2025	1758607926	25744	25744	1032	2658	3834	392	1356	886	1716	0	849	1024	10299	4875	0	0	1751	4518	4045	2	21	12416	215	853	605	254	584	410	478	849	44	0	0	0	810	1812	8293	110	9143525	8.8G	16	132	45	1	7	14	1	1	3	2	4	4	3	38	5	617	4	38	0	1849	7486	205	419	477	1058	35	48	151	398	1894	2020	0	513	1773
Wed Sep 24 10:16:41 CEST 2025	1758701801	25699	25699	1032	2658	3834	392	1356	884	1716	0	849	1024	10263	4868	0	0	1751	4518	4057	2	21	12407	215	856	605	254	584	410	478	849	44	0	0	0	810	1812	8283	110	9178036	8.8G	16	133	45	1	8	14	1	1	3	2	4	4	3	38	5	588	4	38	0	1849	7486	205	419	477	1058	35	48	151	399	1894	2020	0	513	1773
Fri Sep 26 08:38:48 CEST 2025	1758868728	25951	25951	1032	2658	3834	392	1356	887	1716	0	849	1024	10513	4867	0	0	1751	4518	4068	2	21	12409	215	912	605	254	584	410	478	849	44	0	0	0	810	1812	8477	110	9169237	8.8G	16	139	45	1	9	14	1	1	3	2	4	4	3	43	5	588	4	38	0	1849	7486	205	419	477	1058	35	48	152	399	1894	2020	0	513	1773
Sat Sep 27 11:32:05 CEST 2025	1758965525	26119	26119	1032	2658	3834	392	1355	889	1716	0	849	1013	10673	4885	0	0	1751	4518	4087	2	21	12426	207	933	605	254	584	410	478	849	44	0	0	0	810	1812	8615	110	9139118	8.8G	16	140	46	1	9	14	1	1	3	2	4	4	3	43	5	588	4	38	0	1849	7486	205	419	477	1058	35	48	153	401	1894	2020	0	513	1773
Sun Sep 28 09:32:51 CEST 2025	1759044771	26312	26312	1032	2658	3834	392	1355	889	1716	0	849	1013	10854	4897	0	0	1751	4518	4096	2	21	12426	219	937	605	254	584	410	478	849	44	0	0	0	810	1812	8792	110	9143877	8.8G	16	141	46	1	9	14	1	1	3	2	4	4	3	44	5	588	4	38	0	1849	7486	205	419	477	1058	35	48	154	401	1894	2020	0	513	1773
Tue Sep 30 08:07:10 CEST 2025	1759212430	26344	26344	1032	2658	3874	392	1355	889	1716	0	849	1013	10838	4905	0	0	1751	4518	4111	2	21	12369	219	931	605	259	584	510	478	849	44	0	0	0	810	1812	8782	110	9149831	8.8G	16	141	45	1	9	14	1	1	4	2	4	4	3	44	5	588	4	38	0	1849	7486	205	419	477	1058	36	52	147	410	1894	2020	0	513	1773
Wed Oct  1 07:02:46 CEST 2025	1759294966	26351	26351	1032	2658	3880	392	1355	889	1716	0	849	1013	10839	4905	0	0	1751	4521	4118	2	21	12375	219	931	605	259	584	510	478	849	44	0	0	0	810	1812	8783	110	9152826	8.8G	16	141	45	1	9	14	1	1	4	2	4	4	3	44	5	588	4	38	0	1856	7524	207	421	479	1060	38	54	149	409	1894	2020	0	513	1773
Thu Oct  2 06:46:34 CEST 2025	1759380394	26353	26353	1032	2658	3880	392	1355	889	1716	0	849	1013	10841	4905	0	0	1751	4521	4123	2	21	12375	219	931	605	259	584	510	478	849	44	0	0	0	810	1812	8785	110	9154809	8.8G	16	141	45	1	9	14	1	1	4	2	4	4	3	44	5	588	4	38	0	1856	7524	207	421	479	1060	38	54	151	408	1894	2020	0	513	1775
Fri Oct  3 06:05:25 CEST 2025	1759464325	26518	26518	1032	2658	3880	392	1355	965	1716	0	849	1013	10930	4905	0	0	1751	4521	4145	2	21	12451	219	945	605	259	584	510	478	849	44	0	0	0	810	1812	8860	110	9162173	8.8G	16	144	47	1	9	14	1	1	4	2	4	4	3	45	5	588	4	38	0	1856	7524	207	421	479	1060	38	54	151	409	1894	2020	0	513	1775
Sat Oct  4 09:52:01 CEST 2025	1759564321	26565	26565	1032	2658	3880	392	1355	965	1635	0	849	1013	11058	4905	0	0	1751	4522	4168	2	21	12363	219	945	605	259	584	510	478	849	44	0	0	0	810	1812	8994	110	9158240	8.8G	16	144	47	1	9	14	1	1	4	2	4	4	3	45	5	589	4	38	0	1861	7540	206	419	481	1062	38	54	150	411	1894	2020	0	513	1775
Mon Oct  6 08:35:06 IST 2025	1759736106	26612	26612	1032	2658	3880	392	1355	965	1635	0	849	1013	11105	4905	0	0	1751	4526	4182	2	21	12363	219	945	605	259	584	510	478	849	44	0	0	0	810	1812	9041	110	9164447	8.8G	16	144	47	1	9	14	1	1	4	2	4	4	3	45	5	589	4	38	0	1861	7540	206	419	481	1062	38	54	151	411	1894	2020	0	513	1775
Tue Oct  7 06:40:54 IST 2025	1759815655	26762	26762	1032	2658	3880	392	1355	965	1635	0	849	1013	11248	4912	0	0	1751	4526	4194	2	21	12363	219	945	605	264	584	510	478	849	44	0	0	0	810	1812	9186	110	9187215	8.8G	16	146	47	1	9	14	1	1	4	2	4	4	3	47	5	589	4	38	0	1861	7540	206	419	481	1062	38	54	151	411	1894	2020	0	513	1775
Wed Oct  8 06:16:17 IST 2025	1759900577	26762	26762	1032	2658	3880	392	1355	965	1635	0	849	1013	11248	4912	0	0	1751	4526	4203	2	21	12363	219	945	605	264	584	510	478	849	44	0	0	0	810	1812	9186	110	9190087	8.8G	16	146	47	1	9	14	1	1	4	2	4	4	3	47	5	589	4	38	0	1861	7540	206	419	481	1062	38	54	152	412	1894	2020	0	513	1775
Thu Oct  9 07:36:30 IST 2025	1759991790	27707	27707	1032	2658	3880	392	1355	965	1635	0	849	1013	12193	4912	0	0	1751	4526	4214	2	21	12363	219	945	605	264	584	510	478	849	44	0	0	0	810	1812	10131	110	9197403	8.8G	16	146	47	1	9	14	1	1	4	2	4	4	3	47	5	589	4	38	0	1861	7540	206	419	481	1062	38	54	152	414	1894	2020	0	513	1775
Fri Oct 10 17:15:37 BST 2025	1760112937	27843	27843	1032	2658	3880	392	1355	965	1627	0	849	1013	12339	4910	0	0	1751	4526	4231	2	21	12402	219	962	605	263	584	510	478	849	44	0	0	0	810	1812	10225	110	9199938	8.8G	16	148	49	1	9	14	1	1	4	2	4	4	3	47	5	576	4	38	0	1861	7540	206	419	481	1062	38	54	154	414	1894	2020	0	513	1775
Sat Oct 11 07:57:57 BST 2025	1760165877	28126	28126	1032	2658	3880	392	1355	965	1627	0	849	1013	12622	4910	0	0	1751	4526	4253	2	21	12402	219	966	605	263	584	510	478	849	44	0	0	0	810	1812	10504	110	9194756	8.8G	16	148	49	1	9	14	1	1	4	2	4	4	3	47	5	576	4	38	0	1861	7540	206	419	481	1062	38	54	149	420	1894	2020	0	513	1775
Sun Oct 12 07:58:23 BST 2025	1760252303	28090	28090	1032	2658	3880	392	1355	969	1627	0	849	1013	12582	4910	0	0	1751	4526	4265	2	21	12406	219	996	605	263	584	510	478	849	44	0	0	0	810	1812	10434	110	9199594	8.8G	16	148	49	1	9	14	1	1	4	2	4	4	3	47	5	576	4	38	0	1861	7540	206	419	481	1062	38	54	149	420	1894	2020	0	513	1775
Tue Oct 14 11:12:43 BST 2025	1760436763	334395	334395	1032	2658	3914	392	1355	969	1627	0	849	1013	318853	4910	0	0	1751	4530	4274	2	21	12440	219	1025	605	263	584	510	478	849	44	0	0	0	810	1812	10474	110	9203357	8.8G	16	149	49	1	9	14	1	1	4	2	4	4	3	47	5	306778	5	38	0	1861	7540	206	419	481	1062	38	54	150	420	1894	2020	0	513	1775
Wed Oct 15 16:02:15 CEST 2025	1760536936	334395	334395	1032	2658	3914	392	1355	969	1627	0	849	1013	318853	4910	0	0	1751	4533	4275	2	21	12440	219	1025	605	263	584	510	478	849	44	0	0	0	810	1812	10474	110	9203091	8.8G	16	149	49	1	9	14	1	1	4	2	4	4	3	47	5	306778	5	38	0	1861	7540	206	419	481	1062	38	54	150	420	1894	2020	0	513	1775
Thu Oct 16 15:57:15 CEST 2025	1760623035	334466	334466	1032	2658	3924	392	1355	969	1627	0	849	1013	318914	4910	0	0	1751	4533	4284	2	21	12450	219	1025	605	263	584	510	478	849	44	0	0	0	810	1812	10535	110	9189679	8.8G	16	149	49	1	9	14	1	1	4	2	4	4	3	47	5	306778	5	38	0	1861	7540	206	419	481	1062	38	54	150	421	1894	2020	0	513	1775
Fri Oct 17 07:44:07 CEST 2025	1760679847	334466	334466	1032	2658	3924	392	1355	969	1627	0	849	1013	318914	4910	0	0	1751	4533	4285	2	21	12450	219	1025	605	263	584	510	478	849	44	0	0	0	810	1812	10535	110	9189701	8.8G	16	149	49	1	9	14	1	1	4	2	4	4	3	47	5	306778	5	38	0	1861	7540	206	419	481	1062	38	54	150	421	1894	2020	0	513	1775
Sat Oct 18 08:12:54 CEST 2025	1760767974	334498	334498	1032	2658	3937	392	1355	969	1627	0	849	1013	318933	4910	0	0	1751	4535	4298	2	21	12463	219	1025	605	263	584	510	478	849	44	0	0	0	810	1812	10554	110	9205787	8.8G	16	149	49	1	9	14	1	1	4	2	4	4	3	47	5	306778	5	39	0	1868	7560	206	419	486	1078	38	54	147	424	1894	2020	0	513	1775
